VehModel,Area,exposure,actual_rate,glmm_rate_mean,ci90_low,ci90_high,ci90_width
Honda - Accord Seda Ex 2.4/ 2.3/ 2.2 16v 158cv,Met. de Sao Paulo,194.22,763.5464936669756,554.4657503321978,208.88643300568415,766.5006227901325,557.6141897844484
Honda - Accord Seda Ex 2.7/ 3.0 24v,Met. de Sao Paulo,259.94,675.7867200123105,674.7827243262323,661.0912260111112,680.1752651893579,19.084039178246712
Honda - Accord Seda Ex 3.5 V6 24v,Met. de Sao Paulo,149.66547945220023,1091.627812893083,756.5449478901917,247.77187516707298,1095.9328288060515,848.1609536389785
Honda - Accord Seda Exr,Met. de Sao Paulo,123.56,586.4923923599871,556.0631290258706,466.4060684573313,589.7943636654866,123.38829520815528
Honda - Accord Seda Lx 2.0 16v 150cv/ 156cv Aut.,Met. de Sao Paulo,716.03,435.1088641537366,570.8854725280644,434.0030821608755,1301.5518944458913,867.5488122850159
Honda - Accord Seda Lx 2.0 16v 150cv/ 156cv Aut.,Met. do Rio de Janeiro,170.37,228.15636555731643,361.52019263588704,226.56415214020862,1449.6382987593797,1223.0741466191712
Honda - Accord Seda Lx 2.0 16v 150cv/ 156cv Aut.,Ribeirao Preto e Demais Mun. de Campinas,142.43,1306.2978305132344,1217.2221271821766,970.7007164014273,1310.35409968192,339.6533832804927
Honda - Biz 125 Es/ Es Fuel Injection,Alagoas,133.01,56.09352680249606,67.71593567451445,29.63531118264182,309.6619513730198,280.026640190378
Honda - Biz 125 Es/ Es Fuel Injection,Bahia,394.43,55.507948178384,74.31625593229796,47.87597173644818,195.7140583394713,147.83808660302313
Honda - Biz 125 Es/ Es Fuel Injection,Blumenau e demais regioes,175.37,46.952158293892914,74.44846423277576,30.88277995604831,366.32559374128397,335.44281378523567
Honda - Biz 125 Es/ Es Fuel Injection,Demais regioes,216.31,50.238084230964816,84.37900565361888,49.740474455405845,386.86236928297234,337.1218948275665
Honda - Biz 125 Es/ Es Fuel Injection,Goias,554.78,27.519016547099753,58.026813892443215,27.238782452193554,551.9460613228928,524.7072788706993
Honda - Biz 125 Es/ Es Fuel Injection,Litoral Norte e Baixada Santista,214.45000000000002,148.15108416880392,153.99958643491166,71.83610509529137,358.4805816036187,286.64447650832733
Honda - Biz 125 Es/ Es Fuel Injection,Mato Grosso,340.05,91.41008675194824,117.8502486840378,90.73798082840618,196.38006031352197,105.64207948511579
Honda - Biz 125 Es/ Es Fuel Injection,Mato Grosso do Sul,159.55,37.74365402695079,69.81244625337564,37.292221787642475,412.11710714467165,374.8248853570292
Honda - Biz 125 Es/ Es Fuel Injection,Met. Florianopolis e Sul,143.65,19.888618169161155,71.93021006316575,32.14127600548362,406.3049129158449,374.1636369103613
Honda - Biz 125 Es/ Es Fuel Injection,Met. Porto Alegre e Caxias do Sul,167.06,36.64551658086915,69.73318855380299,36.04046401770362,327.86781351309855,291.8273494953949
Honda - Biz 125 Es/ Es Fuel Injection,Met. de Sao Paulo,231.6027397261001,194.39320991299275,221.6783675735697,192.88902263612755,333.0563870861193,140.16736444999174
Honda - Biz 125 Es/ Es Fuel Injection,Met.BH-Centro Oeste-Zona Mata-C. Vertentes,110.26,16.578995102485035,52.66985610821436,16.37546536079664,281.75782702767435,265.3823616668777
Honda - Biz 125 Es/ Es Fuel Injection,Para,557.27,202.00800330181062,174.51276845827013,110.80291185875586,202.81738905460483,92.01447719584897
Honda - Biz 125 Es/ Es Fuel Injection,Pernambuco,154.94,49.33522653930554,62.67911608564055,32.57250523814241,190.50734304891566,157.93483781077325
Honda - Biz 125 Es/ Es Fuel Injection,Ribeirao Preto e Demais Mun. de Campinas,383.26,11.999686896623702,35.33666149159908,9.667119289642432,254.47278321530683,244.8056639256644
Honda - Biz 125 Es/ Es Fuel Injection,Rio Grande do Norte,167.5,46.45970149253731,59.19196322807578,45.4954045869827,122.07093370043627,76.57552911345357
Honda - Biz 125 Es/ Es Fuel Injection,Triangulo mineiro,157.38,91.11704155547083,91.62502772128764,47.90258212849739,282.10061485173935,234.19803272324197
Honda - Biz 125+,Demais regioes,112.14,64.01819154628143,123.48400096727728,63.0437201676267,309.40127768145874,246.35755751383203
Honda - Biz 125+,Goias,143.66,75.68564666573855,160.14321999731263,74.8696787102795,441.43006779341755,366.56038908313803
Honda - Biz 125+,Litoral Norte e Baixada Santista,141.75,411.44268077601413,346.39758235235325,279.5808552097046,413.6028231311608,134.02196792145617
Honda - Biz 125+,Met. Porto Alegre e Caxias do Sul,100.1,96.78321678321679,155.50396424534046,95.61874472725533,262.21890441270324,166.60015968544792
Honda - Biz 125+,Met. de Sao Paulo,163.42000000000002,483.6372537021172,368.9059099774679,259.59195729040766,485.6837752350854,226.09181794467776
Honda - Biz 125+,Para,256.84000000000003,271.8307117271453,188.37547466558013,88.80871503478545,272.9145013885562,184.10578635377072
Honda - Biz 125+,Ribeirao Preto e Demais Mun. de Campinas,105.9,64.41926345609065,110.84624661493463,63.70551976813478,203.51996395243836,139.81444418430357
Honda - Cb 600f Hornet,Grande Campinas,194.32547945220023,1645.5536397050655,1791.834772790268,1641.1886743118987,2315.2692487874497,674.080574475551
Honda - Cb 600f Hornet,Met. de Sao Paulo,598.6899999999999,3213.8803053333113,2990.1576192026646,2406.9332131465007,3217.3022536785547,810.369040532054
Honda - Cb 600f Hornet,Met. do Rio de Janeiro,123.07000000000001,4512.716340294141,3961.921859070795,2677.8479203403913,4521.719888979913,1843.8719686395216
Honda - Cb 600f Hornet,Met.BH-Centro Oeste-Zona Mata-C. Vertentes,133.09,1524.8854158839883,1640.2690244704659,1520.0659889331794,2038.7731388170673,518.707149883888
Honda - Cb 600f Hornet,Ribeirao Preto e Demais Mun. de Campinas,458.43,621.1766245664551,815.1233140643449,619.5300050033366,1843.4652549624934,1223.9352499591569
Honda - Cb 600f Hornet,Vale do Paraiba e Ribeira,124.79273972610012,1682.0129156608239,1565.7389521116977,1263.7320158153111,1687.231750643674,423.499734828363
Honda - Cbx 250 Twister,Demais regioes,114.28999999999999,72.99851255577916,142.46617310137788,72.01289120775128,1051.9541306404874,979.9412394327361
Honda - Cbx 250 Twister,Grande Campinas,291.13,558.6507745680624,622.5046017732386,556.483248291288,870.3126535260529,313.829405234765
Honda - Cbx 250 Twister,Met. Porto Alegre e Caxias do Sul,119.75547945220023,463.9954702212927,520.6443637438888,383.2246614498648,891.5366158886828,508.311954438818
Honda - Cbx 250 Twister,Met. de Sao Paulo,225.5,369.7649667405765,461.94988703826505,367.9932018459899,905.6451363236484,537.6519344776585
Honda - Cbx 250 Twister,Met.BH-Centro Oeste-Zona Mata-C. Vertentes,185.78,206.1093766820971,300.8156627493743,204.71284184818225,766.154078570499,561.4412367223167
Honda - Cbx 250 Twister,Ribeirao Preto e Demais Mun. de Campinas,445.65,126.85739930438686,193.48170794091544,126.09306475926662,691.9611198535873,565.8680550943207
Honda - Cbx 250 Twister,Vale do Paraiba e Ribeira,227.69,433.1810795379683,442.3098002455317,431.0666066198265,475.3032250869979,44.23661846717141
Honda - Cg 125 Cargo,Pernambuco,186.55,0.0,0.0035715128523751347,5.361221011454281e-07,166.16820507795072,166.16820454182863
Honda - Cg 125 Fan / Fan Ks,Alagoas,115.16,24.253212921153178,51.83642419790067,24.08631682428781,117.47724659072134,93.39092976643353
Honda - Cg 125 Fan / Fan Ks,Amazonas,147.86821917783467,68.04031357069414,106.21533470956503,67.13420567168966,266.93433691211027,199.80013124042063
Honda - Cg 125 Fan / Fan Ks,Bahia,495.2,243.75,181.16199368438618,74.19638528223057,244.70022295900674,170.5038376767762
Honda - Cg 125 Fan / Fan Ks,Blumenau e demais regioes,100.03,32.940117964610614,60.2987077463446,32.45702148805385,138.89666082717574,106.4396393391219
Honda - Cg 125 Fan / Fan Ks,Brasilia,113.15,156.4560318161732,108.64910463436993,66.72898889221177,157.6200058779135,90.89101698570174
Honda - Cg 125 Fan / Fan Ks,Ceara,618.56,102.59796947749614,105.50279732872475,80.52712106544595,145.99546723043122,65.46834616498526
Honda - Cg 125 Fan / Fan Ks,Demais regioes,298.05,42.315047810770004,67.84691532896537,41.84804090096359,146.6827694431665,104.83472854220292
Honda - Cg 125 Fan / Fan Ks,Espirito Santo,127.62,19.761792822441624,37.29747333518934,19.357193638093893,235.86821955960093,216.51102592150704
Honda - Cg 125 Fan / Fan Ks,Goias,321.61,75.09094866453157,106.45844927548225,74.5014707175578,208.94697603243952,134.44550531488173
Honda - Cg 125 Fan / Fan Ks,Grande Campinas,151.13,170.43604843512207,127.85267548319335,89.369900364404,171.36161973691026,81.99171937250625
Honda - Cg 125 Fan / Fan Ks,Mato Grosso,287.87,220.0159794351617,160.97620354827123,74.33841449735515,221.15971224143044,146.8212977440753
Honda - Cg 125 Fan / Fan Ks,Met. Curitiba,119.38000000000001,64.22348802144413,75.66240702341638,59.1107246074145,111.19979676196544,52.08907215455095
Honda - Cg 125 Fan / Fan Ks,Met. Florianopolis e Sul,162.75,29.480798771121353,57.61232599286479,28.929077448659264,153.98387621990068,125.05479877124142
Honda - Cg 125 Fan / Fan Ks,Met. Porto Alegre e Caxias do Sul,169.34,80.54800992086926,93.73101266242143,79.54461832456344,124.60577725481876,45.06115893025532
Honda - Cg 125 Fan / Fan Ks,Met. de Sao Paulo,264.88,284.0342796738146,231.7702895780801,126.0170090950294,285.509493207886,159.49248411285663
Honda - Cg 125 Fan / Fan Ks,Met. do Rio de Janeiro,139.89000000000001,120.70198012724282,123.07366160629387,112.53283536673756,140.59793819057793,28.065102823840377
Honda - Cg 125 Fan / Fan Ks,Met.BH-Centro Oeste-Zona Mata-C. Vertentes,526.22,53.0329519972635,68.56139248440297,52.63851610471613,106.86296087301828,54.22444476830215
Honda - Cg 125 Fan / Fan Ks,Para,329.06,426.86136266942196,240.63859709543402,43.1047572690757,428.4250606564344,385.3203033873587
Honda - Cg 125 Fan / Fan Ks,Paraiba,281.98,58.74884743598837,83.33249666072167,58.22790405732532,234.22634895114922,175.9984448938239
Honda - Cg 125 Fan / Fan Ks,Pernambuco,700.82,59.122171170914065,62.99383409781019,58.77588982505433,72.28931687648488,13.513427051430547
Honda - Cg 125 Fan / Fan Ks,Ribeirao Preto e Demais Mun. de Campinas,411.85,86.62862692727934,87.17126185052696,79.49358666298126,96.6000621225237,17.106475459542438
Honda - Cg 125 Fan / Fan Ks,Rio Grande do Norte,367.16,112.78734066891818,86.84026462950845,46.20949664250569,113.57172458714707,67.36222794464138
Honda - Cg 125 Fan / Fan Ks,Sul,152.82,21.993194608035598,58.111986172934,21.578263394689134,296.00204490406935,274.4237815093802
Honda - Cg 125 Fan / Fan Ks,Triangulo mineiro,120.48,49.79249667994688,70.29226733185186,48.98317902581292,106.91403435601201,57.93085533019909
Honda - Cg 125 Fan / Fan Ks,Vale do Paraiba e Ribeira,166.15,204.71260908817334,126.35990913323067,66.17636994547324,206.11832163508774,139.94195168961448
Honda - Cg 125 Fan Es,Mato Grosso,179.5382191778347,136.11029513328785,140.6685669672006,134.90535515798632,155.85245300647063,20.947097848484304
Honda - Cg 125 Fan Es,Para,177.03,227.06885838558435,179.80694962260574,88.12607028969799,228.58592872445521,140.45985843475722
Honda - Cg 150 Titan-es,Bahia,146.47,342.7049907830955,232.15761924060868,132.40412538446105,344.63398686913456,212.2298614846735
Honda - Cg 150 Titan-es,Met.BH-Centro Oeste-Zona Mata-C. Vertentes,114.05,60.14028934677773,105.68414397456513,57.80675896165548,269.51509547212976,211.70833651047428
Honda - Cg 150 Titan-es,Ribeirao Preto e Demais Mun. de Campinas,148.35999999999999,40.84658937719062,83.89055569142596,40.426615484603204,243.41582221216743,202.98920672756424
Honda - Cg 150 Titan-es,Triangulo mineiro,100.5,51.87064676616915,99.92476195532448,50.943471296005185,269.8432717552868,218.89980045928164
Honda - Cg 150 Titan-es,Vale do Paraiba e Ribeira,107.94,113.04428386140448,129.6015895875689,111.79413058110894,167.20065567450672,55.406525093397775
Honda - Cg 150 Titan-esd/ Titan Special Edition,Demais regioes,105.39,30.202106461713633,99.98439053918331,29.61260523530201,1511.0657571666889,1481.4531519313869
Honda - Cg 150 Titan-esd/ Titan Special Edition,Goias,134.68,91.62459162459162,209.97272110782114,90.95976282864132,2155.8736418857766,2064.913879057135
Honda - Cg 150 Titan-esd/ Titan Special Edition,Met.BH-Centro Oeste-Zona Mata-C. Vertentes,234.97,85.17257522236882,143.77273472795747,59.19757917971054,1100.532565472979,1041.3349862932685
Honda - Cg 150 Titan-esd/ Titan Special Edition,Ribeirao Preto e Demais Mun. de Campinas,173.22,57.74737328253089,120.03840487550683,53.35416328121506,993.9585612037945,940.6043979225794
Honda - Cg 150 Titan-ks/ Titan-job,Bahia,167.39000000000001,106.61927235796642,134.43348242389303,65.5807099104044,324.0773140421157,258.4966041317113
Honda - Cg 150 Titan-ks/ Titan-job,Demais regioes,129.46,297.443225706782,291.4637283700732,125.57802815613469,640.5941370036807,515.016108847546
Honda - Cg 150 Titan-ks/ Titan-job,Grande Campinas,182.18,182.91250411680755,226.96943220320725,128.769209407149,529.9821509558899,401.2129415487409
Honda - Cg 150 Titan-ks/ Titan-job,Met. de Sao Paulo,154.0427397261001,293.3926005234664,299.7834310621262,170.57550357215635,551.4979906283503,380.922487056194
Honda - Cg 150 Titan-ks/ Titan-job,Met.BH-Centro Oeste-Zona Mata-C. Vertentes,236.52,68.43818704549298,124.5297131939058,67.7711797673758,466.554189619178,398.78300985180215
Honda - Cg 150 Titan-ks/ Titan-job,Pernambuco,223.22547945220023,75.98146968537208,114.71241314362909,75.2277807733596,315.4552868989543,240.2275061255947
Honda - Cg 150 Titan-ks/ Titan-job,Ribeirao Preto e Demais Mun. de Campinas,306.62,45.40473550322875,98.33237103671837,44.900884466473144,421.374044223397,376.47315975692385
Honda - Cg 150 Titan-ks/ Titan-job,Triangulo mineiro,163.07,59.7473477647636,133.6303600042713,59.27592777314461,467.12211390428354,407.84618613113895
Honda - Cg 150 Titan-ks/ Titan-job,Vale do Paraiba e Ribeira,175.29999999999998,158.41414717626927,173.6009527442771,131.42798986384872,289.4388333454611,158.01084348161237
Honda - Civic Sed Lx 1.8 Aut 4p(s/acess.esp.d.f),Ribeirao Preto e Demais Mun. de Campinas,105.07000000000001,780.4606452840962,660.6950065594299,394.70102010008105,784.5326990383143,389.8316789382332
Honda - Civic Sedan Ex 1.6 16v Aut. 4p (nacion.),Met. de Sao Paulo,581.08,539.1237006952571,656.0988890416323,525.1974613071981,1223.3667359366805,698.1692746294824
Honda - Civic Sedan Ex 1.6 16v Aut. 4p (nacion.),Met. do Rio de Janeiro,131.04,347.54273504273505,487.94689598421894,345.11060315872,1362.5572554738505,1017.4466523151306
Honda - Civic Sedan Ex 1.6 16v Aut. 4p (nacion.),Ribeirao Preto e Demais Mun. de Campinas,159.65547945220024,298.4113051645308,410.9784286276691,296.6320854922976,934.717834391784,638.0857488994864
Honda - Civic Sedan Ex 1.6 16v Mec. 4p (nacion.),Met. de Sao Paulo,223.36273972610013,175.35601527824198,244.12194025645405,174.04537924509918,665.0782352918085,491.0328560467093
Honda - Civic Sedan Ex 1.7 16v 130cv Aut. 4p,Brasilia,141.68,828.1620553359684,763.3575142491583,587.7779771729662,831.5143906185073,243.73641344554107
Honda - Civic Sedan Ex 1.7 16v 130cv Aut. 4p,Demais regioes,136.39000000000001,584.6323044211451,672.6005874879846,581.4901485591189,1035.061704618997,453.57155605987816
Honda - Civic Sedan Ex 1.7 16v 130cv Aut. 4p,Grande Campinas,156.36,333.051931440266,420.7362154661135,330.9744070694233,856.3370356090342,525.3626285396108
Honda - Civic Sedan Ex 1.7 16v 130cv Aut. 4p,Met. Curitiba,155.24273972610013,438.32001496531046,516.304828167093,436.35016605321846,785.1404117654403,348.7902457122218
Honda - Civic Sedan Ex 1.7 16v 130cv Aut. 4p,Met. Porto Alegre e Caxias do Sul,171.64,473.7065951992543,551.4207371553574,471.23628862686957,877.2200563477605,405.98376772089097
Honda - Civic Sedan Ex 1.7 16v 130cv Aut. 4p,Met. de Sao Paulo,1197.1254794522001,664.8902004526934,706.8851367361968,639.1468825432253,891.101425562818,251.95454301959273
Honda - Civic Sedan Ex 1.7 16v 130cv Aut. 4p,Met. do Rio de Janeiro,364.8109589039348,926.5401483978123,940.1136571208125,924.1842143994756,992.4884736573188,68.30425925784311
Honda - Civic Sedan Ex 1.7 16v 130cv Aut. 4p,Met.BH-Centro Oeste-Zona Mata-C. Vertentes,152.21,419.4928059917219,488.1829498507812,417.3602979046984,753.8508397554507,336.49054185075227
Honda - Civic Sedan Ex 1.7 16v 130cv Aut. 4p,Ribeirao Preto e Demais Mun. de Campinas,376.12,638.0144634691056,646.9120503436286,635.9829296959649,680.8494522776724,44.8665225817075
Honda - Civic Sedan Ex 1.7 16v 130cv Aut. 4p,Vale do Paraiba e Ribeira,115.71,379.32762941837353,440.81544042164734,377.10027126394516,573.4702041897773,196.36993292583213
Honda - Civic Sedan Ex 1.7 16v 130cv Mec. 4p,Met. de Sao Paulo,105.10000000000001,207.8496669838249,251.2904063642749,205.8032765116361,446.92354983820707,241.12027332657095
Honda - Civic Sedan Exs 1.8/1.8 Flex 16v Aut. 4p,Bahia,218.01,1197.9175267189578,1072.8009720029206,771.6268223391586,1200.880404993459,429.25358265430043
Honda - Civic Sedan Exs 1.8/1.8 Flex 16v Aut. 4p,Blumenau e demais regioes,178.10821917783468,1025.5618794190486,1151.5066154471629,1022.6197826438913,1444.8670767463339,422.24729410244254
Honda - Civic Sedan Exs 1.8/1.8 Flex 16v Aut. 4p,Brasilia,294.69,726.8553395093148,764.7444948965438,724.5775093122098,891.2033404846305,166.6258311724207
Honda - Civic Sedan Exs 1.8/1.8 Flex 16v Aut. 4p,Demais regioes,362.33,1184.9281042143903,1258.1591948674866,1167.9751142231476,1525.8074658763742,357.8323516532266
Honda - Civic Sedan Exs 1.8/1.8 Flex 16v Aut. 4p,Espirito Santo,140.34,1178.373948981046,1415.395082000919,1174.1262807461653,2453.8345971616804,1279.7083164155151
Honda - Civic Sedan Exs 1.8/1.8 Flex 16v Aut. 4p,Goias,173.12,2067.456099815157,2089.4837048079767,2062.1123459731707,2176.0637500519315,113.95140407876079
Honda - Civic Sedan Exs 1.8/1.8 Flex 16v Aut. 4p,Grande Campinas,371.12547945220024,714.0091819918537,823.1959284965251,711.9242410540262,1262.0564549024418,550.1322138484156
Honda - Civic Sedan Exs 1.8/1.8 Flex 16v Aut. 4p,Interior,121.41,1166.6254838975374,1059.9140796749382,691.397382618748,1329.6906546755392,638.2932720567912
Honda - Civic Sedan Exs 1.8/1.8 Flex 16v Aut. 4p,Met. Curitiba,328.1,1745.2148735141725,1574.8056845193746,1154.9691767527045,1748.6435620205616,593.6743852678571
Honda - Civic Sedan Exs 1.8/1.8 Flex 16v Aut. 4p,Met. Florianopolis e Sul,134.16,677.8324388789505,840.4286413210611,674.6014467598022,1601.8772310839515,927.2757843241493
Honda - Civic Sedan Exs 1.8/1.8 Flex 16v Aut. 4p,Met. Porto Alegre e Caxias do Sul,303.98,1706.2504112112638,1592.5339069341824,1292.799351284973,1709.887912570082,417.0885612851091
Honda - Civic Sedan Exs 1.8/1.8 Flex 16v Aut. 4p,Met. de Sao Paulo,2545.05,1223.8906897703384,1245.6203353982703,1222.838784444025,1313.652984544433,90.81420010040802
Honda - Civic Sedan Exs 1.8/1.8 Flex 16v Aut. 4p,Met. do Rio de Janeiro,683.9,1894.5152800116978,1775.689620596977,1460.832697754667,1896.9423413003335,436.1096435456666
Honda - Civic Sedan Exs 1.8/1.8 Flex 16v Aut. 4p,Met.BH-Centro Oeste-Zona Mata-C. Vertentes,367.91547945220026,1391.672893900409,1315.5638249496988,1110.6332103155905,1394.4542573361462,283.8210470205556
Honda - Civic Sedan Exs 1.8/1.8 Flex 16v Aut. 4p,Pernambuco,141.93273972610012,713.9156208464756,754.8011010116147,711.1649141621249,848.6250876704848,137.46017350835996
Honda - Civic Sedan Exs 1.8/1.8 Flex 16v Aut. 4p,Ribeirao Preto e Demais Mun. de Campinas,929.35,817.9394200247484,860.9750973309859,816.492434783765,1005.4037497492629,188.91131496549792
Honda - Civic Sedan Exs 1.8/1.8 Flex 16v Aut. 4p,Triangulo mineiro,100.95,2713.412580485389,2170.581529831423,1111.184810047237,2720.8799933446458,1609.6951832974087
Honda - Civic Sedan Exs 1.8/1.8 Flex 16v Aut. 4p,Vale do Paraiba e Ribeira,206.07,1410.3751152520988,1119.4132657188427,689.1078765287906,1413.7394532208298,724.6315766920392
Honda - Civic Sedan Lx 1.6 16v Aut. 4p,Brasilia,151.45,811.739848134698,631.3500315989097,292.1932875813568,814.9510712964046,522.7577837150478
Honda - Civic Sedan Lx 1.6 16v Aut. 4p,Demais regioes,131.05,648.0198397558183,609.9619690151253,500.7612764512488,651.17256624775,150.41128979650114
Honda - Civic Sedan Lx 1.6 16v Aut. 4p,Grande Campinas,180.57,181.5473223680567,224.19424191837044,180.19335522039776,425.1458600409085,244.9525048205107
Honda - Civic Sedan Lx 1.6 16v Aut. 4p,Met. Curitiba,136.46,201.80272607357466,273.69055616198034,200.34923004739744,389.799020249752,189.44979020235456
Honda - Civic Sedan Lx 1.6 16v Aut. 4p,Met. Porto Alegre e Caxias do Sul,132.99,876.2162568614181,631.889522673641,425.26018099989767,879.3591952836663,454.0990142837686
Honda - Civic Sedan Lx 1.6 16v Aut. 4p,Met. de Sao Paulo,1397.15,541.3269870808431,524.1175849831047,431.1506021616078,588.091870451418,156.94126828981018
Honda - Civic Sedan Lx 1.6 16v Aut. 4p,Met. do Rio de Janeiro,338.3382191778347,514.1718852299167,499.8557760104786,479.6371715133362,516.225534312196,36.588362798859805
Honda - Civic Sedan Lx 1.6 16v Aut. 4p,Met.BH-Centro Oeste-Zona Mata-C. Vertentes,145.69,600.3912416775345,483.997080668711,364.69918917900145,602.9393691911097,238.24018001210823
Honda - Civic Sedan Lx 1.6 16v Aut. 4p,Ribeirao Preto e Demais Mun. de Campinas,444.92,354.4075339386856,352.0817600541491,329.9747397099707,365.7602353635556,35.78549565358486
Honda - Civic Sedan Lx 1.6 16v Mec. 4p,Brasilia,131.69547945220023,601.4177580692709,461.19438797334334,204.60892079157097,604.6561101212438,400.04718932967285
Honda - Civic Sedan Lx 1.6 16v Mec. 4p,Demais regioes,151.78,800.8235604163922,582.6659302833506,350.66105623246517,803.6313838942953,452.9703276618301
Honda - Civic Sedan Lx 1.6 16v Mec. 4p,Grande Campinas,185.1,354.0788762830902,381.1047049226896,289.70217731186307,571.7358035647603,282.03362625289725
Honda - Civic Sedan Lx 1.6 16v Mec. 4p,Met. Curitiba,120.87,396.2273517001737,389.47191982702753,265.55926866701816,541.1704472425524,275.61117857553427
Honda - Civic Sedan Lx 1.6 16v Mec. 4p,Met. Porto Alegre e Caxias do Sul,124.56,270.5362877328195,278.3805091995711,268.4645014490301,304.94055004018014,36.47604859115006
Honda - Civic Sedan Lx 1.6 16v Mec. 4p,Met. de Sao Paulo,1197.5,335.24091858037576,327.92213726403867,301.91458266390987,336.0761447819959,34.16156211808601
Honda - Civic Sedan Lx 1.6 16v Mec. 4p,Met. do Rio de Janeiro,401.72273972610014,638.308401896374,551.7292805230313,335.8666612243183,666.4221149188679,330.5554536945496
Honda - Civic Sedan Lx 1.6 16v Mec. 4p,Met.BH-Centro Oeste-Zona Mata-C. Vertentes,181.76547945220022,516.401685748497,427.0459214620056,255.37789576669317,518.088474187245,262.71057842055177
Honda - Civic Sedan Lx 1.6 16v Mec. 4p,Ribeirao Preto e Demais Mun. de Campinas,555.1127397261001,628.1769000150448,491.08329799105246,231.0650691012035,629.7964460858861,398.73137698468264
Honda - Civic Sedan Lx 1.6 16v Mec. 4p,Vale do Paraiba e Ribeira,110.17999999999999,699.9183154837539,455.2182962236557,158.61965746538405,703.0248842648709,544.4052267994869
Honda - Civic Sedan Lx 1.7 16v 115cv Mec. 4p,Bahia,279.2619178078696,374.3439163513975,363.3581050470517,326.61297776118823,376.1398433847323,49.52686562354404
Honda - Civic Sedan Lx 1.7 16v 115cv Mec. 4p,Blumenau e demais regioes,300.0836986305006,293.09156212546276,353.3771251366857,291.7358296830787,624.6454148334273,332.90958515034856
Honda - Civic Sedan Lx 1.7 16v 115cv Mec. 4p,Brasilia,523.8509589044005,452.4359380685082,438.3580467359204,375.1177342288051,473.5127021025173,98.39496787371223
Honda - Civic Sedan Lx 1.7 16v 115cv Mec. 4p,Ceara,223.62547945220024,599.3368927740999,607.223018799051,580.4483517341216,656.2255514510981,75.7771997169765
Honda - Civic Sedan Lx 1.7 16v 115cv Mec. 4p,Demais regioes,551.3154794522003,429.16081412242255,476.7344852515498,427.8074863544188,659.6637764527899,231.85629009837106
Honda - Civic Sedan Lx 1.7 16v 115cv Mec. 4p,Espirito Santo,231.15,485.8187324248324,589.2046451744094,483.68737442497746,1060.3342828726702,576.6469084476928
Honda - Civic Sedan Lx 1.7 16v 115cv Mec. 4p,Goias,313.15999999999997,454.71963213692686,543.0057653670258,453.03170316469465,941.1580254440872,488.1263222793926
Honda - Civic Sedan Lx 1.7 16v 115cv Mec. 4p,Grande Campinas,465.98,731.2910425340143,657.863483776996,531.1215667945207,732.887676313181,201.7661095186603
Honda - Civic Sedan Lx 1.7 16v 115cv Mec. 4p,Interior,236.62,926.4009804750232,698.6885434758036,294.30838697322986,929.3845960767972,635.0762091035673
Honda - Civic Sedan Lx 1.7 16v 115cv Mec. 4p,Mato Grosso do Sul,199.39000000000001,495.8824414464115,545.7093022090597,494.06612575220885,702.7269420840338,208.66081633182495
Honda - Civic Sedan Lx 1.7 16v 115cv Mec. 4p,Met. Curitiba,401.43,746.8973420023416,674.1589499910954,486.8589319784437,748.9060498126166,262.0471178341729
Honda - Civic Sedan Lx 1.7 16v 115cv Mec. 4p,Met. Florianopolis e Sul,145.28,543.5022026431718,582.7674327384033,540.1229356131678,692.8167364482567,152.69380083508895
Honda - Civic Sedan Lx 1.7 16v 115cv Mec. 4p,Met. Porto Alegre e Caxias do Sul,375.7654794522002,744.7304643522955,685.5907768242673,545.9255497225514,746.5319721339854,200.60642241143398
Honda - Civic Sedan Lx 1.7 16v 115cv Mec. 4p,Met. de Sao Paulo,2742.96,539.6560649808965,545.3025618135835,539.0036174290855,567.9152814341344,28.91166400504892
Honda - Civic Sedan Lx 1.7 16v 115cv Mec. 4p,Met. do Rio de Janeiro,1288.82,801.4160239599014,753.5275175071199,615.7592974393889,802.610732845253,186.8514354058641
Honda - Civic Sedan Lx 1.7 16v 115cv Mec. 4p,Met.BH-Centro Oeste-Zona Mata-C. Vertentes,662.2782191778347,466.2874167647629,484.545692248422,465.2509740651431,533.8593592204464,68.60838515530332
Honda - Civic Sedan Lx 1.7 16v 115cv Mec. 4p,Para,125.60821917783468,620.715750213887,440.5445843515219,189.3549717782455,623.9502292266628,434.5952574484173
Honda - Civic Sedan Lx 1.7 16v 115cv Mec. 4p,Paraiba,112.64,1778.817471590909,1556.4672300244445,1026.6674410865153,1784.2029860987636,757.5355450122483
Honda - Civic Sedan Lx 1.7 16v 115cv Mec. 4p,Pernambuco,283.65821917783467,778.0842756459302,624.0431338162031,316.8435750841663,780.439690574498,463.59611549033167
Honda - Civic Sedan Lx 1.7 16v 115cv Mec. 4p,Ribeirao Preto e Demais Mun. de Campinas,1912.4,483.2723279648609,468.0747397807833,423.62011444641826,483.9371928083812,60.317078361962956
Honda - Civic Sedan Lx 1.7 16v 115cv Mec. 4p,Rio Grande do Norte,108.20273972610012,367.2642679898276,359.5014645942972,202.99718450016144,603.2192863112347,400.22210181107323
Honda - Civic Sedan Lx 1.7 16v 115cv Mec. 4p,Sul,104.82547945220024,627.0994451303721,728.7404959448519,542.0277607599945,1331.1843230490697,789.1565622890752
Honda - Civic Sedan Lx 1.7 16v 115cv Mec. 4p,Triangulo mineiro,217.4,837.2033118675253,727.0059369582486,468.65543435440134,840.1468576109495,371.49142325654816
Honda - Civic Sedan Lx 1.7 16v 115cv Mec. 4p,Vale do Paraiba e Ribeira,410.84,680.9560899620291,551.8060030772347,290.80154556577327,683.9404475199751,393.13890195420186
Honda - Civic Sedan Lx/ Lxl 1.7 16v 115cv Aut 4p,Bahia,282.47,407.73179452685235,375.1393686791596,287.24801657558874,409.61531884511265,122.36730226952392
Honda - Civic Sedan Lx/ Lxl 1.7 16v 115cv Aut 4p,Blumenau e demais regioes,224.05273972610013,1021.3354243279668,872.6955636083969,535.7419832633517,1024.5147989612644,488.77281569791273
Honda - Civic Sedan Lx/ Lxl 1.7 16v 115cv Aut 4p,Brasilia,538.47,319.5126933719613,323.5144702196551,318.40860394436226,338.2567161456003,19.848112201238052
Honda - Civic Sedan Lx/ Lxl 1.7 16v 115cv Aut 4p,Ceara,276.23465753350405,744.6784622782181,697.1593787468869,563.046715849326,747.0459769566129,183.99926110728688
Honda - Civic Sedan Lx/ Lxl 1.7 16v 115cv Aut 4p,Demais regioes,490.48,547.8408905561898,554.4940697092744,546.2356062289143,579.376080897127,33.14047466821273
Honda - Civic Sedan Lx/ Lxl 1.7 16v 115cv Aut 4p,Espirito Santo,203.58,758.2571961882306,796.2653978462407,754.3599435047928,931.280866141747,176.92092263695417
Honda - Civic Sedan Lx/ Lxl 1.7 16v 115cv Aut 4p,Goias,216.58,505.5868501246652,569.4352846814093,503.30502177076255,826.6100587162402,323.3050369454777
Honda - Civic Sedan Lx/ Lxl 1.7 16v 115cv Aut 4p,Grande Campinas,498.09999999999997,787.9923710098375,687.5027867076702,467.4767323095841,789.5722549506405,322.0955226410564
Honda - Civic Sedan Lx/ Lxl 1.7 16v 115cv Aut 4p,Interior,143.46,1027.2619545517914,693.6375103168384,258.8566329832873,1030.5828436782565,771.7262106949693
Honda - Civic Sedan Lx/ Lxl 1.7 16v 115cv Aut 4p,Mato Grosso do Sul,121.22,865.8472199307046,716.6696305151066,571.9872138655562,869.3933633318069,297.40614946625067
Honda - Civic Sedan Lx/ Lxl 1.7 16v 115cv Aut 4p,Met. Curitiba,370.22,553.0171249527308,526.5859219782374,428.5092345493738,578.5599995882964,150.05076503892258
Honda - Civic Sedan Lx/ Lxl 1.7 16v 115cv Aut 4p,Met. Florianopolis e Sul,164.56,479.6487603305785,519.0810636646273,457.71679375581067,608.4938310379455,150.7770372821348
Honda - Civic Sedan Lx/ Lxl 1.7 16v 115cv Aut 4p,Met. Porto Alegre e Caxias do Sul,454.98,806.6134775154951,719.2988152827478,480.27382858381895,844.2178873862506,363.94405880243164
Honda - Civic Sedan Lx/ Lxl 1.7 16v 115cv Aut 4p,Met. de Sao Paulo,3826.1654794522,619.0733288250586,585.4091385301954,487.11134145290544,619.6694449064018,132.55810345349641
Honda - Civic Sedan Lx/ Lxl 1.7 16v 115cv Aut 4p,Met. do Rio de Janeiro,1113.8836986300348,691.1798789648259,653.1402646203962,541.9241712150543,692.3451176683769,150.42094645332259
Honda - Civic Sedan Lx/ Lxl 1.7 16v 115cv Aut 4p,Met.BH-Centro Oeste-Zona Mata-C. Vertentes,601.08,640.4605044253676,575.9899349707006,412.06652949573856,641.9726564868437,229.9061269911051
Honda - Civic Sedan Lx/ Lxl 1.7 16v 115cv Aut 4p,Para,113.58,1246.6103187180843,756.7021538196784,166.6006798263262,1251.4308176527431,1084.8301378264168
Honda - Civic Sedan Lx/ Lxl 1.7 16v 115cv Aut 4p,Pernambuco,325.9564383556694,1254.8732034974564,864.9787999928657,278.7676930446039,1257.8660623582903,979.0983693136864
Honda - Civic Sedan Lx/ Lxl 1.7 16v 115cv Aut 4p,Ribeirao Preto e Demais Mun. de Campinas,1526.29,636.4216498830498,558.883027352423,372.81701241871167,637.3755476147808,264.5585351960691
Honda - Civic Sedan Lx/ Lxl 1.7 16v 115cv Aut 4p,Triangulo mineiro,201.05,609.1121611539418,583.2057166165396,412.47443258474874,728.6870931982387,316.21266061348996
Honda - Civic Sedan Lx/ Lxl 1.7 16v 115cv Aut 4p,Vale do Paraiba e Ribeira,338.18,529.02891951032,454.89428862301736,255.8613234705661,590.0549076491575,334.1935841785914
Honda - Civic Sedan Lxl 1.7 16v 130cv Aut 4p,Met. de Sao Paulo,482.15999999999997,718.6058569769372,772.6723055366399,716.8362472646271,969.4831471709849,252.64689990635782
Honda - Civic Sedan Lxl 1.7 16v 130cv Aut 4p,Met. do Rio de Janeiro,198.12,500.2220876236624,604.8741715043021,497.82973383246,1079.7875226258063,581.9577887933463
Honda - Civic Sedan Lxl 1.7 16v 130cv Aut 4p,Ribeirao Preto e Demais Mun. de Campinas,163.89,960.2477271340534,897.8239545194274,723.094312830103,963.6478360171637,240.5535231870607
Honda - Civic Sedan Lxl 1.7 16v 130cv Mec 4p,Met. de Sao Paulo,323.99,978.9252754714652,984.7375698352322,970.0577354415203,1019.3071910609463,49.24945561942593
Honda - Civic Sedan Lxl 1.7 16v 130cv Mec 4p,Met. do Rio de Janeiro,150.65,861.6528377032857,925.1534443638311,858.5836997462684,1135.2801223336965,276.69642258742806
Honda - Civic Sedan Lxl 1.7 16v 130cv Mec 4p,Ribeirao Preto e Demais Mun. de Campinas,150.05,1538.7537487504164,1294.880214524677,760.2788425232709,1543.3766228691238,783.0977803458529
Honda - Civic Sedan Lxs 1.8/1.8 Flex 16v Aut. 4p,Alagoas,241.62,719.5472229120106,807.0935383208712,717.3223617807777,1118.4023281940413,401.0799664132636
Honda - Civic Sedan Lxs 1.8/1.8 Flex 16v Aut. 4p,Amazonas,335.1182191778347,1481.8293115137358,1695.5107735289275,1478.7448387407067,2541.1612537807105,1062.4164150400038
Honda - Civic Sedan Lxs 1.8/1.8 Flex 16v Aut. 4p,Bahia,1162.21,842.511250118309,807.0250015181338,706.1594122615908,843.8095238381711,137.65011157658034
Honda - Civic Sedan Lxs 1.8/1.8 Flex 16v Aut. 4p,Blumenau e demais regioes,787.1654794522002,1046.9361544836943,1109.725279669031,1045.1799222274608,1321.9824204453698,276.80249821790903
Honda - Civic Sedan Lxs 1.8/1.8 Flex 16v Aut. 4p,Brasilia,1624.81,703.549338076452,729.901079861046,702.5722312791587,815.374577798787,112.80234651962826
Honda - Civic Sedan Lxs 1.8/1.8 Flex 16v Aut. 4p,Ceara,708.59,1473.694237852637,1452.0865102525102,1388.4827667936754,1475.8480349836,87.36526818992456
Honda - Civic Sedan Lxs 1.8/1.8 Flex 16v Aut. 4p,Demais regioes,1581.5709589044004,1273.373153864122,1302.9392189784548,1272.0669160781406,1396.0296295570386,123.96271347889797
Honda - Civic Sedan Lxs 1.8/1.8 Flex 16v Aut. 4p,Espirito Santo,714.42,1287.4625570392766,1479.3889766581085,1285.4813164800112,2245.3491562103322,959.8678397303211
Honda - Civic Sedan Lxs 1.8/1.8 Flex 16v Aut. 4p,F.Iguatu-Medianeira-Cascavel-Toledo,277.91,2059.8323198157677,1674.8489168635926,899.8960936483543,2063.9895328870407,1164.0934392386864
Honda - Civic Sedan Lxs 1.8/1.8 Flex 16v Aut. 4p,Goias,959.4300000000001,2022.7291204152464,2010.454261416043,1958.9662271746715,2024.9787036805528,66.0124765058813
Honda - Civic Sedan Lxs 1.8/1.8 Flex 16v Aut. 4p,Grande Campinas,1548.1,1249.7009237129384,1225.1360889485486,1153.1018557784319,1251.0328684923488,97.93101271391697
Honda - Civic Sedan Lxs 1.8/1.8 Flex 16v Aut. 4p,Interior,530.0727397261002,1463.0369416860137,1183.498572959598,632.7960162372796,1465.1901941631272,832.3941779258477
Honda - Civic Sedan Lxs 1.8/1.8 Flex 16v Aut. 4p,Litoral Norte e Baixada Santista,190.6427397261001,1686.3899483499977,1559.9256283987,1293.3666858184727,1690.2445421748166,396.87785635634395
Honda - Civic Sedan Lxs 1.8/1.8 Flex 16v Aut. 4p,Maranhao,211.84273972610012,686.419559093742,866.7243058939149,684.024074151908,1713.8187455516631,1029.794671399755
Honda - Civic Sedan Lxs 1.8/1.8 Flex 16v Aut. 4p,Mato Grosso,393.99,842.9097185207746,807.2679822492229,708.5196033669057,845.1937986738641,136.67419530695838
Honda - Civic Sedan Lxs 1.8/1.8 Flex 16v Aut. 4p,Mato Grosso do Sul,503.0936986300349,620.2065357798384,771.7635949512833,618.5552160687892,1487.236235249704,868.6810191809147
Honda - Civic Sedan Lxs 1.8/1.8 Flex 16v Aut. 4p,Met. Curitiba,1264.9654794522003,1138.099832276412,1117.4424505615154,1056.9528746457852,1139.3751579435357,82.42228329775048
Honda - Civic Sedan Lxs 1.8/1.8 Flex 16v Aut. 4p,Met. Florianopolis e Sul,652.79,685.7595857779685,829.1173065260513,684.2419217605158,1465.699669706473,781.4577479459573
Honda - Civic Sedan Lxs 1.8/1.8 Flex 16v Aut. 4p,Met. Porto Alegre e Caxias do Sul,1214.1000000000001,809.5058067704472,890.4160592316357,808.2572023388461,1186.93729830087,378.68009596202387
Honda - Civic Sedan Lxs 1.8/1.8 Flex 16v Aut. 4p,Met. de Sao Paulo,10292.5754794522,1194.009023740876,1195.9206429271342,1193.49938140719,1201.981408733049,8.482027325859008
Honda - Civic Sedan Lxs 1.8/1.8 Flex 16v Aut. 4p,Met. do Rio de Janeiro,3081.0127397261003,1286.8048057316555,1299.3975816236486,1285.8414693152172,1338.2429069267557,52.40143761153854
Honda - Civic Sedan Lxs 1.8/1.8 Flex 16v Aut. 4p,Met.BH-Centro Oeste-Zona Mata-C. Vertentes,2260.28,1034.765604261419,1030.2843782678242,1016.3928222060924,1035.8152088487545,19.422386642662104
Honda - Civic Sedan Lxs 1.8/1.8 Flex 16v Aut. 4p,Oeste,194.17000000000002,1660.1431735077508,1168.6059696679338,407.41098936282873,1664.4386623450869,1257.027672982258
Honda - Civic Sedan Lxs 1.8/1.8 Flex 16v Aut. 4p,Para,501.36,874.2460507419818,735.8421522312542,410.7898716473829,934.9397516218506,524.1498799744677
Honda - Civic Sedan Lxs 1.8/1.8 Flex 16v Aut. 4p,Paraiba,269.44,1151.0725950118765,1357.8305367057987,1147.8962242407451,2229.7690555103686,1081.8728312696235
Honda - Civic Sedan Lxs 1.8/1.8 Flex 16v Aut. 4p,Pernambuco,1055.85,1123.6558223232469,993.8802068498235,687.3419345627441,1125.2072245381883,437.86528997544417
Honda - Civic Sedan Lxs 1.8/1.8 Flex 16v Aut. 4p,Piaui,161.2,1170.179900744417,1155.9037731812887,1093.6196194156464,1193.7910986016736,100.17147918602723
Honda - Civic Sedan Lxs 1.8/1.8 Flex 16v Aut. 4p,Ribeirao Preto e Demais Mun. de Campinas,4438.92,1135.5286871581375,1076.9949419162947,918.2382021376363,1136.3106500397525,218.0724479021162
Honda - Civic Sedan Lxs 1.8/1.8 Flex 16v Aut. 4p,Rio Grande do Norte,301.63,738.4543977721049,649.0570246687583,440.4196072327101,740.8927830158633,300.4731757831532
Honda - Civic Sedan Lxs 1.8/1.8 Flex 16v Aut. 4p,Sergipe,245.76,1528.1819661458335,1469.4769359880097,1318.3325604458,1531.372973799687,213.04041335388706
Honda - Civic Sedan Lxs 1.8/1.8 Flex 16v Aut. 4p,Sul,328.85273972610014,756.1621661024102,1050.525465261819,753.9877987867317,2817.229189094398,2063.2413903076663
Honda - Civic Sedan Lxs 1.8/1.8 Flex 16v Aut. 4p,Triangulo mineiro,710.8,1836.4969048958922,1584.2549922981827,1016.8979930152716,1838.8999815607795,822.0019885455079
Honda - Civic Sedan Lxs 1.8/1.8 Flex 16v Aut. 4p,Vale do Aco-Norte-Vale Jequitinhonha,193.64,946.1836397438547,913.2945711150296,874.7944598228617,948.8839507799764,74.08949095711478
Honda - Civic Sedan Lxs 1.8/1.8 Flex 16v Aut. 4p,Vale do Paraiba e Ribeira,990.0327397261001,1106.1452374827252,963.7252300004819,630.6691058546268,1118.0171772978636,487.3480714432368
Honda - Civic Sedan Lxs 1.8/1.8 Flex 16v Mec. 4p,Alagoas,225.81,735.4590142154909,849.4966602651537,732.6846640022704,1309.939089385852,577.2544253835815
Honda - Civic Sedan Lxs 1.8/1.8 Flex 16v Mec. 4p,Amazonas,221.57821917783468,1554.0155583777942,1800.416945645472,1460.5347616325655,2976.3736652704915,1515.838903637926
Honda - Civic Sedan Lxs 1.8/1.8 Flex 16v Mec. 4p,Bahia,1153.0154794522002,1510.054314992551,1300.512827913584,827.228436438436,1511.8591412247772,684.6307047863412
Honda - Civic Sedan Lxs 1.8/1.8 Flex 16v Mec. 4p,Blumenau e demais regioes,801.0982191778347,1036.7243118482509,1146.050180717658,1034.9836068167397,1548.4760619619615,513.4924551452218
Honda - Civic Sedan Lxs 1.8/1.8 Flex 16v Mec. 4p,Brasilia,1463.06,1082.184599401255,1048.772041967719,953.9027103733724,1083.501659931376,129.5989495580036
Honda - Civic Sedan Lxs 1.8/1.8 Flex 16v Mec. 4p,Ceara,564.8082191778346,1601.8162790140657,1608.1034090156522,1599.281781374862,1627.8964853582545,28.614703983392474
Honda - Civic Sedan Lxs 1.8/1.8 Flex 16v Mec. 4p,Demais regioes,1755.9482191778347,1613.7212755207245,1618.9782524906987,1612.3019132974612,1635.2244158204103,22.922502522949117
Honda - Civic Sedan Lxs 1.8/1.8 Flex 16v Mec. 4p,Espirito Santo,625.6,1827.7014066496163,2001.5408287499843,1825.1211751517171,2629.901462269283,804.7802871175659
Honda - Civic Sedan Lxs 1.8/1.8 Flex 16v Mec. 4p,F.Iguatu-Medianeira-Cascavel-Toledo,250.5727397261001,2803.740745174213,2195.7841961521203,1054.1574865147638,2808.9613628723823,1754.8038763576185
Honda - Civic Sedan Lxs 1.8/1.8 Flex 16v Mec. 4p,Goias,851.8627397261001,1626.6153399848545,1762.7565551843782,1576.233159816505,2332.8420870914815,756.6089272749766
Honda - Civic Sedan Lxs 1.8/1.8 Flex 16v Mec. 4p,Grande Campinas,1266.92,1940.205379976636,1772.7088405904233,1350.6605082322899,1942.061123337418,591.400615105128
Honda - Civic Sedan Lxs 1.8/1.8 Flex 16v Mec. 4p,Interior,890.7254794522003,2046.3117335780819,1592.2126304876567,741.2711752612,2048.5580599386126,1307.2868846774127
Honda - Civic Sedan Lxs 1.8/1.8 Flex 16v Mec. 4p,Litoral Norte e Baixada Santista,165.02,1798.9152829960003,1741.3954980282833,1515.0726866874195,1879.225018296739,364.1523316093196
Honda - Civic Sedan Lxs 1.8/1.8 Flex 16v Mec. 4p,Maranhao,180.39000000000001,1042.4358334719218,1227.7915144179153,1038.7212525609798,2007.3449522072785,968.6236996462987
Honda - Civic Sedan Lxs 1.8/1.8 Flex 16v Mec. 4p,Mato Grosso,312.5182191778347,1421.6099181954844,1242.8638211756697,829.9761047994715,1424.9061115352017,594.9300067357302
Honda - Civic Sedan Lxs 1.8/1.8 Flex 16v Mec. 4p,Mato Grosso do Sul,491.20095890440047,1150.6817927649947,1300.4835516798157,1148.7006195555016,1742.0399152989603,593.3392957434587
Honda - Civic Sedan Lxs 1.8/1.8 Flex 16v Mec. 4p,Met. Curitiba,1224.08,1456.2855368930136,1398.993403756749,1238.0361030852257,1457.90382823845,219.86772515322423
Honda - Civic Sedan Lxs 1.8/1.8 Flex 16v Mec. 4p,Met. Florianopolis e Sul,547.66,1258.3847642698024,1377.2276778264313,1256.339660472996,1716.919907153548,460.5802466805519
Honda - Civic Sedan Lxs 1.8/1.8 Flex 16v Mec. 4p,Met. Porto Alegre e Caxias do Sul,1276.9427397261002,1272.221493932031,1300.2541866809786,1270.7521967153898,1390.2434441565997,119.49124744120991
Honda - Civic Sedan Lxs 1.8/1.8 Flex 16v Mec. 4p,Met. de Sao Paulo,5871.4,1411.2773784787275,1410.3292120622048,1407.199523222771,1411.9811979427093,4.781674719938337
Honda - Civic Sedan Lxs 1.8/1.8 Flex 16v Mec. 4p,Met. do Rio de Janeiro,2934.91,1700.7553894327255,1666.3389383777512,1565.8786302815884,1701.9225987658708,136.04396848428246
Honda - Civic Sedan Lxs 1.8/1.8 Flex 16v Mec. 4p,Met.BH-Centro Oeste-Zona Mata-C. Vertentes,2211.848219177835,1290.3498419348507,1260.8423133044514,1190.5339728765896,1291.3542024810163,100.82022960442669
Honda - Civic Sedan Lxs 1.8/1.8 Flex 16v Mec. 4p,Oeste,279.07,724.3487297093919,652.7399023154653,477.2488331889973,726.9678296938637,249.71899650486637
Honda - Civic Sedan Lxs 1.8/1.8 Flex 16v Mec. 4p,Para,461.64,1054.306385928429,866.7007142168794,481.209378400729,1056.5981907928854,575.3888123921563
Honda - Civic Sedan Lxs 1.8/1.8 Flex 16v Mec. 4p,Paraiba,360.28547945220026,869.36337394512,1144.4051765582833,866.9792964744285,2611.631758238651,1744.6524617642226
Honda - Civic Sedan Lxs 1.8/1.8 Flex 16v Mec. 4p,Pernambuco,862.22,947.2559207626823,909.6665017719399,805.1710500833381,948.8115271183477,143.64047703500967
Honda - Civic Sedan Lxs 1.8/1.8 Flex 16v Mec. 4p,Piaui,186.17000000000002,1227.152602460117,1256.5445050290405,1223.905800163138,1294.173860589431,70.26806042629278
Honda - Civic Sedan Lxs 1.8/1.8 Flex 16v Mec. 4p,Ribeirao Preto e Demais Mun. de Campinas,4026.31,933.3128845021869,967.1647999317241,932.5780737154778,1077.567942991999,144.98986927652118
Honda - Civic Sedan Lxs 1.8/1.8 Flex 16v Mec. 4p,Rio Grande do Norte,317.50821917830035,1358.6010501282833,1053.5081134395216,515.9159844817899,1361.456718935372,845.5407344535821
Honda - Civic Sedan Lxs 1.8/1.8 Flex 16v Mec. 4p,Sergipe,261.40000000000003,1089.6403978576893,1189.087091567459,1086.703142991463,1545.750970586887,459.047827595424
Honda - Civic Sedan Lxs 1.8/1.8 Flex 16v Mec. 4p,Sul,416.82,1747.8551892903413,2048.763375875057,1744.8491766030443,3299.927577737326,1555.0784011342816
Honda - Civic Sedan Lxs 1.8/1.8 Flex 16v Mec. 4p,Tocantins,104.50999999999999,751.1051574012057,1032.8020103298095,747.0481830389092,2686.632369010589,1939.58418597168
Honda - Civic Sedan Lxs 1.8/1.8 Flex 16v Mec. 4p,Triangulo mineiro,701.98,602.9715946323257,714.9001005254472,601.5974757134438,1192.5898733300191,590.9923976165753
Honda - Civic Sedan Lxs 1.8/1.8 Flex 16v Mec. 4p,Vale do Aco-Norte-Vale Jequitinhonha,274.92547945220025,1016.1917351446275,1034.0063449107693,1013.7947634257123,1066.8894052854112,53.09464185969887
Honda - Civic Sedan Lxs 1.8/1.8 Flex 16v Mec. 4p,Vale do Paraiba e Ribeira,860.4782191778347,1084.1390045774099,985.1381898705348,738.7625675154056,1085.8556001503973,347.0930326349917
Honda - Civic Sedan Si 2.0 16v  192cv 4p,Met. de Sao Paulo,251.87547945220024,593.5115253184846,464.9141353859171,219.77268400071634,595.9160375245475,376.14335352383114
Honda - Civic Sedan Si 2.0 16v  192cv 4p,Ribeirao Preto e Demais Mun. de Campinas,100.33547945220023,1849.116593780641,1019.2975918907616,168.20024398702384,1855.3011923361396,1687.1009483491157
Honda - Cr-v 2.0 16v Aut.,Met. de Sao Paulo,475.43,703.5630902551375,556.4966009166317,270.9433602311025,705.4321024013907,434.4887421702882
Honda - Cr-v 2.0 16v Aut.,Met. do Rio de Janeiro,179.15273972610012,1221.2484181626237,862.7106795833924,301.4133939218182,1225.315001790723,923.9016078689049
Honda - Cr-v 2.0 16v Aut.,Ribeirao Preto e Demais Mun. de Campinas,104.26,574.2854402455399,449.9114354136612,207.36250421918862,608.0996506903622,400.73714647117356
Honda - Cr-v Exl 2.0 16v 4wd Aut.,Bahia,151.6,757.7704485488127,737.391281395653,667.4903829910417,813.4553520496017,145.9649690585601
Honda - Cr-v Exl 2.0 16v 4wd Aut.,Blumenau e demais regioes,123.66273972610011,1318.052635426115,1158.03893634039,871.0798883763721,1322.3725863234404,451.2926979470683
Honda - Cr-v Exl 2.0 16v 4wd Aut.,Brasilia,128.71,358.41814932794654,490.7936865593468,356.36991708286297,772.3507980178019,415.98088093493897
Honda - Cr-v Exl 2.0 16v 4wd Aut.,Demais regioes,163.06643835613505,108.9801198772022,200.98448439376256,107.99475970083992,1323.3968607548447,1215.4021010540048
Honda - Cr-v Exl 2.0 16v 4wd Aut.,Grande Campinas,188.23,800.2709451203316,870.6463568566877,796.8208256590527,1093.5162135654411,296.6953879063884
Honda - Cr-v Exl 2.0 16v 4wd Aut.,Interior,103.11547945220023,778.1857818660204,720.5571697415073,598.0888269775621,782.2615897750087,184.17276279744658
Honda - Cr-v Exl 2.0 16v 4wd Aut.,Met. Curitiba,224.65,517.2178945025595,601.516735539415,515.0307075459275,1002.4215505626626,487.39084301673506
Honda - Cr-v Exl 2.0 16v 4wd Aut.,Met. Porto Alegre e Caxias do Sul,224.17000000000002,1510.2199223803364,1381.786274148651,1118.216845261281,1514.1113707612233,395.89452549994235
Honda - Cr-v Exl 2.0 16v 4wd Aut.,Met. de Sao Paulo,1284.28,1175.7124614570032,1148.4719349322097,1135.7484103679917,1176.9264346884656,41.178024320473924
Honda - Cr-v Exl 2.0 16v 4wd Aut.,Met. do Rio de Janeiro,427.7882191778347,1481.408256678883,1403.9698188953662,1264.9692025182958,1484.300591067298,219.3313885490022
Honda - Cr-v Exl 2.0 16v 4wd Aut.,Met.BH-Centro Oeste-Zona Mata-C. Vertentes,306.4909589044005,1385.9527912942333,1247.0192743577438,960.8539446958396,1389.1574078616018,428.3034631657622
Honda - Cr-v Exl 2.0 16v 4wd Aut.,Ribeirao Preto e Demais Mun. de Campinas,400.38547945220023,889.5302609057762,871.7723219596143,867.8056547557042,891.7053330742893,23.899678318585188
Honda - Cr-v Exl 2.0 16v 4wd Aut.,Vale do Paraiba e Ribeira,126.33,736.5075595662155,695.0439397410055,596.1400417057326,763.710355991161,167.57031428542837
Honda - Cr-v Lx 2.0 16v 2wd Aut.,Bahia,309.55,1197.1636246163787,1020.7620708031715,622.4968535170996,1200.1751657879436,577.678312270844
Honda - Cr-v Lx 2.0 16v 2wd Aut.,Blumenau e demais regioes,118.76,952.1050858875042,989.85536964139,883.5688595856318,1190.7194425256355,307.1505829400037
Honda - Cr-v Lx 2.0 16v 2wd Aut.,Brasilia,214.8,722.4906890130353,697.61094429879,621.1015752330968,734.1488821972149,113.04730696411809
Honda - Cr-v Lx 2.0 16v 2wd Aut.,Demais regioes,169.89643835566937,565.4444609303034,740.1857455975315,563.330100430572,1257.4724972456395,694.1423968150675
Honda - Cr-v Lx 2.0 16v 2wd Aut.,Goias,128.39,1179.5856375107096,1285.44305785074,1121.910651981604,1794.0658035601436,672.1551515785397
Honda - Cr-v Lx 2.0 16v 2wd Aut.,Grande Campinas,254.57369863003493,807.6168162948758,876.5910354314409,805.382781916089,1040.3436474498205,234.96086553373152
Honda - Cr-v Lx 2.0 16v 2wd Aut.,Mato Grosso do Sul,106.92999999999999,477.58346581876,616.6955098485264,474.6494359240569,1339.56057075885,864.9111348347931
Honda - Cr-v Lx 2.0 16v 2wd Aut.,Met. Curitiba,210.84,193.75355719977233,288.17323367398325,192.4568787989882,953.8491178779195,761.3922390789313
Honda - Cr-v Lx 2.0 16v 2wd Aut.,Met. Porto Alegre e Caxias do Sul,208.35,852.4310055195584,915.1658506596488,849.7973375259203,1065.7135973207755,215.91625979485525
Honda - Cr-v Lx 2.0 16v 2wd Aut.,Met. de Sao Paulo,1968.53,1140.305710352395,1122.9217343277467,1054.8384750091236,1141.7838312099593,86.9453562008357
Honda - Cr-v Lx 2.0 16v 2wd Aut.,Met. do Rio de Janeiro,544.18,1012.7035172185675,1065.3738310363924,1011.0686631131654,1205.7506810341804,194.68201792101502
Honda - Cr-v Lx 2.0 16v 2wd Aut.,Met.BH-Centro Oeste-Zona Mata-C. Vertentes,345.56,1462.7040166685958,1298.0884159726538,892.2643979347424,1465.7332421167152,573.4688441819728
Honda - Cr-v Lx 2.0 16v 2wd Aut.,Pernambuco,185.80547945220025,295.64790103045317,355.02689261896876,293.9263523074853,619.2320897871764,325.3057374796911
Honda - Cr-v Lx 2.0 16v 2wd Aut.,Ribeirao Preto e Demais Mun. de Campinas,595.6582191778347,787.5674084502865,774.0539465588852,705.3025495230105,827.1484958975137,121.84594637450323
Honda - Cr-v Lx 2.0 16v 2wd Aut.,Vale do Paraiba e Ribeira,153.44,259.7301876955162,315.4034599841032,257.91445367844705,568.162306263106,310.2478525846589
Honda - Fit Ex/ S 1.5/ Ex 1.5 Flex 16v 5p Aut.,Bahia,311.58,732.8390782463573,665.1589510212642,454.89800278210026,786.4681961333664,331.57019335126614
Honda - Fit Ex/ S 1.5/ Ex 1.5 Flex 16v 5p Aut.,Blumenau e demais regioes,273.42,396.94974764099186,481.9418562266839,395.2603501080857,870.1070704160279,474.84672030794223
Honda - Fit Ex/ S 1.5/ Ex 1.5 Flex 16v 5p Aut.,Brasilia,535.9627397261002,664.4342481381979,628.3240381461967,522.4213125206257,666.0347138683013,143.61340134767556
Honda - Fit Ex/ S 1.5/ Ex 1.5 Flex 16v 5p Aut.,Ceara,130.56547945220024,250.47202474351195,345.67186609917803,248.64067886582902,914.0977115672373,665.4570327014083
Honda - Fit Ex/ S 1.5/ Ex 1.5 Flex 16v 5p Aut.,Demais regioes,358.19,650.202406544013,712.548719981966,648.4805160750452,918.8865442797671,270.4060282047219
Honda - Fit Ex/ S 1.5/ Ex 1.5 Flex 16v 5p Aut.,Espirito Santo,215.72,789.231411088448,921.018985533709,786.506502189726,1477.0048921874134,690.4983899976874
Honda - Fit Ex/ S 1.5/ Ex 1.5 Flex 16v 5p Aut.,Goias,177.36,921.6339648173206,982.0197749032707,849.1984300551887,1310.997221260357,461.7987912051683
Honda - Fit Ex/ S 1.5/ Ex 1.5 Flex 16v 5p Aut.,Grande Campinas,663.67,663.7666310063737,684.9836712370726,662.2615062101303,760.2218979357787,97.96039172564838
Honda - Fit Ex/ S 1.5/ Ex 1.5 Flex 16v 5p Aut.,Interior,151.64547945220022,828.1882219877659,696.564282788172,409.9210324401603,830.625403970533,420.70437153037267
Honda - Fit Ex/ S 1.5/ Ex 1.5 Flex 16v 5p Aut.,Mato Grosso do Sul,113.15,1010.6319045514803,999.6212492921977,953.8152044356146,1016.7432760595674,62.92807162395275
Honda - Fit Ex/ S 1.5/ Ex 1.5 Flex 16v 5p Aut.,Met. Curitiba,483.33,536.0188690956489,571.0758939661399,534.4600728482051,697.0164412979104,162.55636844970536
Honda - Fit Ex/ S 1.5/ Ex 1.5 Flex 16v 5p Aut.,Met. Florianopolis e Sul,244.76000000000002,724.8856022225854,775.2626035437232,717.9457765974392,965.0669000437857,247.12112344634647
Honda - Fit Ex/ S 1.5/ Ex 1.5 Flex 16v 5p Aut.,Met. Porto Alegre e Caxias do Sul,604.1082191778347,1246.8991086152696,1106.2969660249958,760.354321842572,1249.075277143371,488.7209553007991
Honda - Fit Ex/ S 1.5/ Ex 1.5 Flex 16v 5p Aut.,Met. de Sao Paulo,5893.55,737.6594751889778,748.882956807016,737.135291241658,791.0841257462953,53.94883450463726
Honda - Fit Ex/ S 1.5/ Ex 1.5 Flex 16v 5p Aut.,Met. do Rio de Janeiro,1433.28,665.0026512614423,711.702520354817,663.9820733635427,881.0914713277054,217.10939796416278
Honda - Fit Ex/ S 1.5/ Ex 1.5 Flex 16v 5p Aut.,Met.BH-Centro Oeste-Zona Mata-C. Vertentes,670.8354794522003,834.6502490554334,788.0071454350256,652.051236911096,836.2983532876798,184.2471163765838
Honda - Fit Ex/ S 1.5/ Ex 1.5 Flex 16v 5p Aut.,Para,128.9,468.89061287820016,435.44260203009446,263.7251231320735,611.2389413873532,347.51381825527966
Honda - Fit Ex/ S 1.5/ Ex 1.5 Flex 16v 5p Aut.,Pernambuco,253.35821917783468,611.8056896003036,538.9465350821528,441.28598390228916,613.623819070086,172.33783516779687
Honda - Fit Ex/ S 1.5/ Ex 1.5 Flex 16v 5p Aut.,Ribeirao Preto e Demais Mun. de Campinas,1244.4509589039349,782.5346535613656,731.9931246235003,589.962301405498,783.7285650998398,193.76626369434177
Honda - Fit Ex/ S 1.5/ Ex 1.5 Flex 16v 5p Aut.,Triangulo mineiro,135.71,272.15385749023653,340.2710628805767,270.2572888120169,670.0532762355086,399.79598742349174
Honda - Fit Ex/ S 1.5/ Ex 1.5 Flex 16v 5p Aut.,Vale do Paraiba e Ribeira,346.52,1013.9559044211013,809.2430173257035,405.01522486178095,1016.4749701049614,611.4597452431804
Honda - Fit Ex/ S 1.5/ Ex 1.5 Flex 16v 5p Mec.,Bahia,184.57,577.7916237741779,525.7011882716631,374.05716984670835,598.6302194301029,224.57304958339455
Honda - Fit Ex/ S 1.5/ Ex 1.5 Flex 16v 5p Mec.,Blumenau e demais regioes,166.23821917783468,1155.2457729023026,1019.1741492259908,699.6380682193217,1159.0508705049904,459.4128022856687
Honda - Fit Ex/ S 1.5/ Ex 1.5 Flex 16v 5p Mec.,Brasilia,306.17,560.2867687885815,524.8873699785419,431.19875087078424,562.3975356378018,131.19878476701751
Honda - Fit Ex/ S 1.5/ Ex 1.5 Flex 16v 5p Mec.,Demais regioes,214.8,672.183426443203,659.882109927406,565.7657640974805,739.5170533782647,173.75128928078414
Honda - Fit Ex/ S 1.5/ Ex 1.5 Flex 16v 5p Mec.,Espirito Santo,121.82000000000001,122.05713347561976,216.27564050802593,120.87288824868607,1189.248292893574,1068.375404644888
Honda - Fit Ex/ S 1.5/ Ex 1.5 Flex 16v 5p Mec.,Goias,101.52,635.3723404255319,753.6041502590239,632.1145235011925,1054.5470877249113,422.4325642237188
Honda - Fit Ex/ S 1.5/ Ex 1.5 Flex 16v 5p Mec.,Grande Campinas,356.0509589039348,586.3570783313871,591.7851642892687,580.3653437758251,611.7973870050432,31.432043229218152
Honda - Fit Ex/ S 1.5/ Ex 1.5 Flex 16v 5p Mec.,Interior,103.92999999999999,639.4688732800925,570.8191486716769,335.1565634784157,759.7096604099502,424.55309693153447
Honda - Fit Ex/ S 1.5/ Ex 1.5 Flex 16v 5p Mec.,Met. Curitiba,267.0482191778347,726.3894161032497,627.1418892923597,522.2109647344832,728.665608133246,206.45464339876276
Honda - Fit Ex/ S 1.5/ Ex 1.5 Flex 16v 5p Mec.,Met. Florianopolis e Sul,113.59,507.1309094110397,571.7584958264575,480.38624405311066,776.3833406900992,295.99709663698854
Honda - Fit Ex/ S 1.5/ Ex 1.5 Flex 16v 5p Mec.,Met. Porto Alegre e Caxias do Sul,316.04,849.189975952411,787.3120100526113,626.5384715387867,851.5925223981835,225.05405085939685
Honda - Fit Ex/ S 1.5/ Ex 1.5 Flex 16v 5p Mec.,Met. de Sao Paulo,2344.33,578.0734794162938,592.1215993658491,577.3366931349002,636.6897780277799,59.35308489287968
Honda - Fit Ex/ S 1.5/ Ex 1.5 Flex 16v 5p Mec.,Met. do Rio de Janeiro,904.5327397261001,671.7689402641163,689.2030335920689,670.6834518083982,710.3208234091137,39.63737160071548
Honda - Fit Ex/ S 1.5/ Ex 1.5 Flex 16v 5p Mec.,Met.BH-Centro Oeste-Zona Mata-C. Vertentes,449.67,527.1221117708542,527.5234115781661,517.0780726121469,538.7963217276144,21.71824911546753
Honda - Fit Ex/ S 1.5/ Ex 1.5 Flex 16v 5p Mec.,Pernambuco,114.33,113.6009796203971,152.433741661394,112.42993284992187,364.48927164883855,252.05933879891668
Honda - Fit Ex/ S 1.5/ Ex 1.5 Flex 16v 5p Mec.,Ribeirao Preto e Demais Mun. de Campinas,609.59,648.3062386193999,603.4201143998638,486.30297181439204,649.8848040273948,163.58183221300277
Honda - Fit Ex/ S 1.5/ Ex 1.5 Flex 16v 5p Mec.,Vale do Paraiba e Ribeira,201.66,508.64326093424575,474.96321830384727,333.93146323263255,586.4129191818326,252.4814559492001
Honda - Fit Exl 1.5 Flex 16v 5p Aut,Met. de Sao Paulo,619.5,431.71589991928977,407.8319080207105,294.9953428367972,495.99377213873635,200.99842930193915
Honda - Fit Exl 1.5 Flex 16v 5p Aut,Met. do Rio de Janeiro,145.1,645.6926257753274,502.16293653274215,328.16930037280014,648.3768390173042,320.20753864450404
Honda - Fit Exl 1.5 Flex 16v 5p Aut,Ribeirao Preto e Demais Mun. de Campinas,132.06,407.0649704679691,331.41363898623894,225.76985055524193,409.34801669861207,183.57816614337014
Honda - Fit Exl 1.5 Flex 16v 5p Mec,Met. de Sao Paulo,286.47,504.8242398855028,465.2002159277586,336.5547834742392,538.4730959442702,201.91831247003103
Honda - Fit Exl 1.5 Flex 16v 5p Mec,Met. do Rio de Janeiro,105.19,589.8659568400038,507.74896098773445,374.4028973175978,592.8190378751553,218.41614055755753
Honda - Fit Lx 1.4/ 1.4 Flex 8v/16v 5p Aut.,Alagoas,133.60547945220023,428.16357708192743,466.50111947753345,400.72661832341583,646.815032792817,246.08841446940113
Honda - Fit Lx 1.4/ 1.4 Flex 8v/16v 5p Aut.,Amazonas,135.06273972610012,592.361743603364,776.0081463215845,589.8668792844924,1469.6657036877673,879.7988244032749
Honda - Fit Lx 1.4/ 1.4 Flex 8v/16v 5p Aut.,Bahia,598.8328767118044,760.8065918185403,651.9242829232312,408.46384817450144,762.4192735241335,353.95542534963204
Honda - Fit Lx 1.4/ 1.4 Flex 8v/16v 5p Aut.,Blumenau e demais regioes,260.0882191778347,854.9599082300551,831.3539745244713,764.2671170069217,857.6093846614821,93.34226765456037
Honda - Fit Lx 1.4/ 1.4 Flex 8v/16v 5p Aut.,Brasilia,713.15,525.4420528640538,516.4952568748811,470.9888526703428,548.4313718565232,77.44251918618045
Honda - Fit Lx 1.4/ 1.4 Flex 8v/16v 5p Aut.,Ceara,375.3254794522002,344.7141403478238,425.93653453301414,343.24268031305013,803.8198173856536,460.5771370726034
Honda - Fit Lx 1.4/ 1.4 Flex 8v/16v 5p Aut.,Demais regioes,407.5927397261001,555.2552289132636,624.2026287839284,553.8237161201582,807.4965469047642,253.67283078460594
Honda - Fit Lx 1.4/ 1.4 Flex 8v/16v 5p Aut.,Espirito Santo,222.33821917830036,368.90193824132706,505.3752110209669,367.0451831765273,1298.6063852633663,931.561202086839
Honda - Fit Lx 1.4/ 1.4 Flex 8v/16v 5p Aut.,Goias,277.7509589044005,1317.6372151642706,1271.2522576847734,1132.8402836490466,1320.9441842516403,188.10390060259374
Honda - Fit Lx 1.4/ 1.4 Flex 8v/16v 5p Aut.,Grande Campinas,683.3882191778347,544.6991761839746,573.1306028090999,543.36434950327,668.0489981247065,124.68464862143651
Honda - Fit Lx 1.4/ 1.4 Flex 8v/16v 5p Aut.,Interior,169.52,745.7291175082586,617.6186003698888,366.0293411721948,748.6184906100689,382.5891494378741
Honda - Fit Lx 1.4/ 1.4 Flex 8v/16v 5p Aut.,Litoral Norte e Baixada Santista,110.47,878.5190549470444,822.9946980316466,748.0925194155689,882.0807397962519,133.98822038068306
Honda - Fit Lx 1.4/ 1.4 Flex 8v/16v 5p Aut.,Mato Grosso do Sul,145.03,753.5337516375922,727.7744689704504,573.5332845895368,860.2408318661485,286.70754727661165
Honda - Fit Lx 1.4/ 1.4 Flex 8v/16v 5p Aut.,Met. Curitiba,412.31,709.7281171933739,684.1924639584508,611.269102705476,711.9831982078592,100.7140955023832
Honda - Fit Lx 1.4/ 1.4 Flex 8v/16v 5p Aut.,Met. Florianopolis e Sul,193.89,322.99241838155655,411.13929969052043,321.05568876411706,847.8591520398749,526.8034632757578
Honda - Fit Lx 1.4/ 1.4 Flex 8v/16v 5p Aut.,Met. Porto Alegre e Caxias do Sul,724.58,745.3973336277568,737.6249695270059,684.329809606982,778.5978786735544,94.26806906657237
Honda - Fit Lx 1.4/ 1.4 Flex 8v/16v 5p Aut.,Met. de Sao Paulo,7136.39,698.4190886428572,697.5647182814671,694.7995021647839,698.8733343261883,4.073832161404425
Honda - Fit Lx 1.4/ 1.4 Flex 8v/16v 5p Aut.,Met. do Rio de Janeiro,1592.44,794.3344804199844,789.144417856386,773.1171167520879,795.3558591227529,22.238742370665022
Honda - Fit Lx 1.4/ 1.4 Flex 8v/16v 5p Aut.,Met.BH-Centro Oeste-Zona Mata-C. Vertentes,655.9300000000001,566.4796548412178,569.321155651686,555.3910671441209,588.3135933730977,32.92252622897672
Honda - Fit Lx 1.4/ 1.4 Flex 8v/16v 5p Aut.,Para,254.11465753350407,278.9331425742516,268.0634896214063,237.60699316358867,280.5869039157547,42.979910752166035
Honda - Fit Lx 1.4/ 1.4 Flex 8v/16v 5p Aut.,Paraiba,186.32821917783468,392.9732185660817,528.7926736584062,390.67072198521265,1289.5779250896821,898.9072031044695
Honda - Fit Lx 1.4/ 1.4 Flex 8v/16v 5p Aut.,Pernambuco,571.63,747.7966516802827,638.5851291569634,397.56937238690296,749.4846966574746,351.91532427057166
Honda - Fit Lx 1.4/ 1.4 Flex 8v/16v 5p Aut.,Ribeirao Preto e Demais Mun. de Campinas,1512.9,492.4773613589794,501.9433422762739,491.61795522682155,532.0966997777912,40.47874455096962
Honda - Fit Lx 1.4/ 1.4 Flex 8v/16v 5p Aut.,Rio Grande do Norte,179.70547945220022,401.9298700305472,360.33279377956893,254.74316342681084,406.2454807857043,151.50231735889344
Honda - Fit Lx 1.4/ 1.4 Flex 8v/16v 5p Aut.,Sergipe,100.01,817.928207179282,811.7467462347212,762.5319082807105,852.686648244792,90.1547399640815
Honda - Fit Lx 1.4/ 1.4 Flex 8v/16v 5p Aut.,Triangulo mineiro,156.59,886.9723481703812,755.6784180850913,588.0774960580278,890.0320408762624,301.9545448182346
Honda - Fit Lx 1.4/ 1.4 Flex 8v/16v 5p Aut.,Vale do Paraiba e Ribeira,481.6982191778347,872.251511988429,701.5129644319478,364.7593406828162,874.2305657272685,509.47122504445235
Honda - Fit Lx 1.4/ 1.4 Flex 8v/16v 5p Mec.,Alagoas,225.50369863003493,837.2678636626704,782.1434836311754,637.5461397227747,840.0911405136322,202.54500079085756
Honda - Fit Lx 1.4/ 1.4 Flex 8v/16v 5p Mec.,Amazonas,230.36,408.84268102101055,561.0254145344552,406.8445275232219,1450.0264249554223,1043.1818974322005
Honda - Fit Lx 1.4/ 1.4 Flex 8v/16v 5p Mec.,Bahia,1035.1082191778346,474.7976983414954,456.2088155077359,402.9749539994333,475.81291111269763,72.83795711326434
Honda - Fit Lx 1.4/ 1.4 Flex 8v/16v 5p Mec.,Blumenau e demais regioes,670.74,754.805140590989,754.6370615903758,753.191118563028,756.3631670039903,3.1720484409622713
Honda - Fit Lx 1.4/ 1.4 Flex 8v/16v 5p Mec.,Brasilia,1391.15,526.4306509003342,510.36069762220177,464.7027774933648,527.3900073400125,62.68722984664771
Honda - Fit Lx 1.4/ 1.4 Flex 8v/16v 5p Mec.,Ceara,625.8919178078696,589.2646789428836,636.1187638529067,588.059658228683,793.074812815931,205.01515458724793
Honda - Fit Lx 1.4/ 1.4 Flex 8v/16v 5p Mec.,Demais regioes,838.4454794522003,647.316985183819,681.7372754617919,645.9617204683893,796.6378385092354,150.67611804084606
Honda - Fit Lx 1.4/ 1.4 Flex 8v/16v 5p Mec.,Espirito Santo,685.8254794522003,583.4093541108905,710.1255090253811,582.0026924815958,1281.233196541248,699.2305040596522
Honda - Fit Lx 1.4/ 1.4 Flex 8v/16v 5p Mec.,F.Iguatu-Medianeira-Cascavel-Toledo,111.82273972610011,1871.0952755449632,1354.4670088383734,513.5234978377578,1877.3395811373282,1363.8160832995704
Honda - Fit Lx 1.4/ 1.4 Flex 8v/16v 5p Mec.,Goias,678.49,578.7955607304456,683.6605609479126,577.403885368355,1136.3923162154822,558.9884308471272
Honda - Fit Lx 1.4/ 1.4 Flex 8v/16v 5p Mec.,Grande Campinas,2167.958219177835,613.0357994186884,624.1439258284726,612.2630316146581,659.0969002536069,46.83386863894884
Honda - Fit Lx 1.4/ 1.4 Flex 8v/16v 5p Mec.,Interior,574.64,800.1844633161631,661.9300123168584,361.1068885878066,823.054063492803,461.9471749049964
Honda - Fit Lx 1.4/ 1.4 Flex 8v/16v 5p Mec.,Litoral Norte e Baixada Santista,272.98273972610014,682.0138159167261,733.3415018520899,680.0440906170179,847.0329295383474,166.9888389213295
Honda - Fit Lx 1.4/ 1.4 Flex 8v/16v 5p Mec.,Maranhao,176.6327397261001,413.8870297395806,508.25758136985064,389.1449136689295,977.9292012762738,588.7842876073444
Honda - Fit Lx 1.4/ 1.4 Flex 8v/16v 5p Mec.,Mato Grosso,200.0409589039348,690.6535579363413,604.239661006464,404.31634143472934,693.2974772579316,288.9811358232023
Honda - Fit Lx 1.4/ 1.4 Flex 8v/16v 5p Mec.,Mato Grosso do Sul,364.28547945220026,896.4205778694746,884.1603628803149,848.3184360229249,898.7544589569893,50.436022934064454
Honda - Fit Lx 1.4/ 1.4 Flex 8v/16v 5p Mec.,Met. Curitiba,1055.71,664.0090555171402,648.5202650891275,603.1169819239773,665.1794966251402,62.06251470116297
Honda - Fit Lx 1.4/ 1.4 Flex 8v/16v 5p Mec.,Met. Florianopolis e Sul,435.2409589039348,670.2563121233916,708.2994088595543,668.2862376363723,836.4135518727396,168.12731423636728
Honda - Fit Lx 1.4/ 1.4 Flex 8v/16v 5p Mec.,Met. Porto Alegre e Caxias do Sul,1078.27,936.4120303820008,863.2120645240178,675.1013341606817,937.7808748281974,262.67954066751565
Honda - Fit Lx 1.4/ 1.4 Flex 8v/16v 5p Mec.,Met. de Sao Paulo,15037.27,700.0595187823321,696.4386794966945,685.514026763239,700.3884705976477,14.87444383440868
Honda - Fit Lx 1.4/ 1.4 Flex 8v/16v 5p Mec.,Met. do Rio de Janeiro,4656.6854794522005,758.4600711352925,759.711436784035,757.8624537124116,763.7408641173274,5.878410404915826
Honda - Fit Lx 1.4/ 1.4 Flex 8v/16v 5p Mec.,Met.BH-Centro Oeste-Zona Mata-C. Vertentes,2025.4082191778348,622.8462924437438,607.7578953447422,579.9695204803518,623.5527786252948,43.58325814494299
Honda - Fit Lx 1.4/ 1.4 Flex 8v/16v 5p Mec.,Para,561.37,573.4738229688085,454.43624613484906,234.41801279216847,574.7923042868371,340.37429149466857
Honda - Fit Lx 1.4/ 1.4 Flex 8v/16v 5p Mec.,Paraiba,247.94,359.90158909413566,493.45853282623386,358.079903577938,1272.333506942119,914.2536033641809
Honda - Fit Lx 1.4/ 1.4 Flex 8v/16v 5p Mec.,Pernambuco,1024.2582191778347,481.25559626523835,457.3188248878509,392.2343892196091,482.22452422360146,89.99013500399235
Honda - Fit Lx 1.4/ 1.4 Flex 8v/16v 5p Mec.,Piaui,169.9,716.8098881695115,669.4743801834779,623.9307592820328,719.4092079834792,95.47844870144638
Honda - Fit Lx 1.4/ 1.4 Flex 8v/16v 5p Mec.,Ribeirao Preto e Demais Mun. de Campinas,3888.5154794522005,472.97021439634153,485.31961466330915,472.4421904297083,524.9528120184482,52.510621588739866
Honda - Fit Lx 1.4/ 1.4 Flex 8v/16v 5p Mec.,Rio Grande do Norte,369.2754794522002,724.0069132036897,555.8008900605306,251.3264194507539,726.1233816986182,474.79696224786437
Honda - Fit Lx 1.4/ 1.4 Flex 8v/16v 5p Mec.,Sergipe,159.70547945220022,828.888278937359,809.4957910855358,752.3032831745955,832.4230549006621,80.11977172606657
Honda - Fit Lx 1.4/ 1.4 Flex 8v/16v 5p Mec.,Sul,210.22273972610012,914.9914050716685,1053.3210139227167,911.8411555685192,1607.626563821808,695.7854082532889
Honda - Fit Lx 1.4/ 1.4 Flex 8v/16v 5p Mec.,Triangulo mineiro,411.7382191778347,754.396812178959,696.6123419372389,580.238244382178,756.0465268526788,175.80828247050079
Honda - Fit Lx 1.4/ 1.4 Flex 8v/16v 5p Mec.,Vale do Aco-Norte-Vale Jequitinhonha,127.83821917783469,684.4353790495443,634.6396252603707,505.8662975252854,687.6859516614828,181.8196541361974
Honda - Fit Lx 1.4/ 1.4 Flex 8v/16v 5p Mec.,Vale do Paraiba e Ribeira,1369.8182191778346,594.851191634074,528.1386507551365,359.9007074546618,614.3867609497453,254.48605349508347
Honda - Fit Lxl 1.4/ 1.4 Flex 8v/16v 5p Aut.,Bahia,440.87547945220024,622.708707549623,572.8271454925793,450.6657233799834,624.2807798662824,173.615056486299
Honda - Fit Lxl 1.4/ 1.4 Flex 8v/16v 5p Aut.,Blumenau e demais regioes,327.15999999999997,591.1236092431839,667.3306961187836,589.3630192768868,843.6997872729416,254.33676799605485
Honda - Fit Lxl 1.4/ 1.4 Flex 8v/16v 5p Aut.,Brasilia,643.0409589039348,592.7196311875053,562.73622761117,519.6496101690461,593.9870127222249,74.33740255317878
Honda - Fit Lxl 1.4/ 1.4 Flex 8v/16v 5p Aut.,Ceara,199.65,635.4570498372151,682.7151200801475,606.0816786065512,886.9167696062408,280.83509099968956
Honda - Fit Lxl 1.4/ 1.4 Flex 8v/16v 5p Aut.,Demais regioes,377.19,563.3871523635303,634.0223669186087,561.8317837598306,890.9693469820585,329.13756322222787
Honda - Fit Lxl 1.4/ 1.4 Flex 8v/16v 5p Aut.,Espirito Santo,221.45,1545.6400993452248,1516.3698404625982,1431.7170497959771,1549.577650820685,117.86060102470788
Honda - Fit Lxl 1.4/ 1.4 Flex 8v/16v 5p Aut.,Goias,228.4082191778347,827.549029016478,929.403216717593,825.1369160295973,1270.9231323470735,445.78621631747626
Honda - Fit Lxl 1.4/ 1.4 Flex 8v/16v 5p Aut.,Grande Campinas,767.82,633.7240499075303,658.0114138987251,632.3625920456893,737.0367342225777,104.67414217688838
Honda - Fit Lxl 1.4/ 1.4 Flex 8v/16v 5p Aut.,Interior,143.44273972610011,1026.019164727518,815.1023084048227,403.8598345256439,1029.9769495374671,626.1171150118232
Honda - Fit Lxl 1.4/ 1.4 Flex 8v/16v 5p Aut.,Litoral Norte e Baixada Santista,106.47643835566939,1978.9448562897069,1590.3561596576192,825.3994784902106,1985.22003414083,1159.8205556506193
Honda - Fit Lxl 1.4/ 1.4 Flex 8v/16v 5p Aut.,Mato Grosso do Sul,123.46,1391.7787137534424,1264.521910866154,948.6493349485778,1396.680228551484,448.0308936029063
Honda - Fit Lxl 1.4/ 1.4 Flex 8v/16v 5p Aut.,Met. Curitiba,480.8282191778347,386.9240460098526,444.8133043634457,385.5744793697897,675.7034357143848,290.1289563445951
Honda - Fit Lxl 1.4/ 1.4 Flex 8v/16v 5p Aut.,Met. Florianopolis e Sul,266.5,896.3151969981238,905.762630046363,893.5071433303077,935.4501355374631,41.942992207155385
Honda - Fit Lxl 1.4/ 1.4 Flex 8v/16v 5p Aut.,Met. Porto Alegre e Caxias do Sul,631.9482191778347,1298.3737830094335,1134.2545679110754,754.9856257283981,1300.5411800726035,545.5555543442055
Honda - Fit Lxl 1.4/ 1.4 Flex 8v/16v 5p Aut.,Met. de Sao Paulo,6263.68,756.152293859201,758.8085310917477,755.6247599659698,767.0974195876621,11.472659621692287
Honda - Fit Lxl 1.4/ 1.4 Flex 8v/16v 5p Aut.,Met. do Rio de Janeiro,1480.95,694.8046861811674,731.5569176479166,693.779465220208,854.2108107326422,160.4313455124343
Honda - Fit Lxl 1.4/ 1.4 Flex 8v/16v 5p Aut.,Met.BH-Centro Oeste-Zona Mata-C. Vertentes,663.833698630035,524.0574570377195,552.8051476811116,522.6449462833585,649.1367455144516,126.49179923109307
Honda - Fit Lxl 1.4/ 1.4 Flex 8v/16v 5p Aut.,Para,146.96547945220024,621.567733732402,500.98733474911813,262.16103200603254,624.6438507226952,362.4828187166627
Honda - Fit Lxl 1.4/ 1.4 Flex 8v/16v 5p Aut.,Paraiba,120.84547945220024,1427.7902721900991,1426.115983759896,1421.1993664682875,1432.5799500440635,11.380583575775972
Honda - Fit Lxl 1.4/ 1.4 Flex 8v/16v 5p Aut.,Pernambuco,318.27,798.0771043453672,687.2242891457846,438.6554307445011,800.3751887517953,361.7197580072943
Honda - Fit Lxl 1.4/ 1.4 Flex 8v/16v 5p Aut.,Ribeirao Preto e Demais Mun. de Campinas,1344.6582191783004,602.4199967297327,598.3527624464983,585.934423785195,603.4239423797175,17.48951859452245
Honda - Fit Lxl 1.4/ 1.4 Flex 8v/16v 5p Aut.,Rio Grande do Norte,119.88095890393481,1128.5695513031076,797.327779704767,281.06750731696627,1133.0527460658323,851.985238748866
Honda - Fit Lxl 1.4/ 1.4 Flex 8v/16v 5p Aut.,Triangulo mineiro,181.31,409.86156306877723,459.8520480248458,407.74092706827344,649.766650236339,242.0257231680656
Honda - Fit Lxl 1.4/ 1.4 Flex 8v/16v 5p Aut.,Vale do Paraiba e Ribeira,441.10643835566935,329.98838226576333,346.87763681638523,328.7514384949179,403.07994775834334,74.32850926342542
Honda - Fit Lxl 1.4/ 1.4 Flex 8v/16v 5p Mec.,Bahia,349.53000000000003,654.4102079935914,586.4998631111293,373.0268998457719,695.4701790039786,322.44327915820674
Honda - Fit Lxl 1.4/ 1.4 Flex 8v/16v 5p Mec.,Blumenau e demais regioes,278.74,613.3995838415727,649.3166368140598,610.309358007677,794.1341947216458,183.8248367139688
Honda - Fit Lxl 1.4/ 1.4 Flex 8v/16v 5p Mec.,Brasilia,513.3001369857043,284.98920896269726,320.767947852112,283.90474546098176,489.45132819658807,205.5465827356063
Honda - Fit Lxl 1.4/ 1.4 Flex 8v/16v 5p Mec.,Ceara,134.33,468.7039380629792,562.5372270240982,466.4272501745429,834.9883712002546,368.5611210257117
Honda - Fit Lxl 1.4/ 1.4 Flex 8v/16v 5p Mec.,Demais regioes,365.3709589044005,899.8252104815557,869.0036771806026,737.3512479999137,902.144116998108,164.7928689981943
Honda - Fit Lxl 1.4/ 1.4 Flex 8v/16v 5p Mec.,Espirito Santo,239.82821917783468,1390.3034477888352,1356.1346081898096,1185.2086180558936,1393.8451131723486,208.63649511645508
Honda - Fit Lxl 1.4/ 1.4 Flex 8v/16v 5p Mec.,Goias,202.02,1187.8378378378377,1167.0939903247806,1051.9966974511979,1191.4335430914566,139.43684564025875
Honda - Fit Lxl 1.4/ 1.4 Flex 8v/16v 5p Mec.,Grande Campinas,785.3100000000001,645.710611096255,647.4644571151528,610.0324736208901,692.9054017959306,82.87292817504056
Honda - Fit Lxl 1.4/ 1.4 Flex 8v/16v 5p Mec.,Interior,209.73273972610014,712.9120622524958,609.0335720075284,334.2694480821975,756.483344332436,422.21389625023846
Honda - Fit Lxl 1.4/ 1.4 Flex 8v/16v 5p Mec.,Mato Grosso do Sul,119.73,521.0390044266265,613.7032028091609,517.9432029479898,893.4097499650479,375.46654701705813
Honda - Fit Lxl 1.4/ 1.4 Flex 8v/16v 5p Mec.,Met. Curitiba,484.23095890393483,572.6482268454288,578.7142334694701,559.3140559594381,635.2294823311794,75.91542637174132
Honda - Fit Lxl 1.4/ 1.4 Flex 8v/16v 5p Mec.,Met. Florianopolis e Sul,184.32,902.3328993055555,774.9148894482418,535.5646863128356,905.1995242040988,369.63483789126315
Honda - Fit Lxl 1.4/ 1.4 Flex 8v/16v 5p Mec.,Met. Porto Alegre e Caxias do Sul,482.89,981.0370891921556,890.0486807279434,624.9091628096693,983.2311074351239,358.32194462545465
Honda - Fit Lxl 1.4/ 1.4 Flex 8v/16v 5p Mec.,Met. de Sao Paulo,4648.408219177834,753.2036419596681,732.563613767067,634.7979979599046,753.8162236865888,119.01822572668425
Honda - Fit Lxl 1.4/ 1.4 Flex 8v/16v 5p Mec.,Met. do Rio de Janeiro,1564.62,622.7601590162468,652.4706972206244,621.2961169813441,803.2978109923146,182.00169401097048
Honda - Fit Lxl 1.4/ 1.4 Flex 8v/16v 5p Mec.,Met.BH-Centro Oeste-Zona Mata-C. Vertentes,739.5427397261001,517.4954460938146,530.2386600067548,515.3012703402087,610.8243430205288,95.52307268032007
Honda - Fit Lxl 1.4/ 1.4 Flex 8v/16v 5p Mec.,Para,155.84,514.8421457905544,441.6031496033841,217.00976904078712,625.4382195408749,408.4284505000878
Honda - Fit Lxl 1.4/ 1.4 Flex 8v/16v 5p Mec.,Pernambuco,264.33,518.3785419740476,479.06251680454494,363.1029165290146,520.3271843516042,157.22426782258958
Honda - Fit Lxl 1.4/ 1.4 Flex 8v/16v 5p Mec.,Ribeirao Preto e Demais Mun. de Campinas,1400.79,589.2275073351466,572.2660720246254,485.01988726341597,601.3788485194585,116.35896125604256
Honda - Fit Lxl 1.4/ 1.4 Flex 8v/16v 5p Mec.,Triangulo mineiro,157.89191780786962,265.3334038983465,321.4323750264176,263.5951930317069,611.5539788660049,347.95878583429794
Honda - Fit Lxl 1.4/ 1.4 Flex 8v/16v 5p Mec.,Vale do Paraiba e Ribeira,446.92,700.7831379217757,578.776235249683,333.1566947601107,702.397467368921,369.24077260881023
Honda - Nx-4 Falcon 400,Grande Campinas,158.27,1385.8090604662916,950.128833303041,301.05590324646084,1390.1900335559221,1089.1341303094614
Honda - Nx-4 Falcon 400,Met. de Sao Paulo,230.4,890.3732638888889,665.2086297881028,313.7474832583272,892.7357174585665,578.9882342002393
Honda - Nx-4 Falcon 400,Met. do Rio de Janeiro,141.85,801.1068029608742,629.7804041223014,349.03015888534026,804.3614876284969,455.33132874315663
Honda - Nx-4 Falcon 400,Met.BH-Centro Oeste-Zona Mata-C. Vertentes,128.14,399.4303105977837,388.0273356554808,265.38543594991353,527.4412449486658,262.0558089987523
Honda - Nx-4 Falcon 400,Ribeirao Preto e Demais Mun. de Campinas,282.4727397261001,451.1196376810082,386.2220282786799,240.12044028772388,452.750383944805,212.6299436570811
Honda - Nx-4 Falcon 400,Vale do Paraiba e Ribeira,115.77,320.2038524660966,312.1500606458923,164.83499019520258,554.4946605529049,389.6596703577023
Honda - Nxr 150 Bros Es,Bahia,263.92,129.25886632312822,139.50558501982758,129.56424848386942,158.74599482642955,29.181746342560132
Honda - Nxr 150 Bros Es,Ceara,242.79,71.6380411054821,114.48296276974986,70.92565240592218,312.1533790297119,241.22772662378975
Honda - Nxr 150 Bros Es,Goias,181.78,45.04345912641655,79.92309439887148,44.44744919884675,447.68963532450914,403.2421861256624
Honda - Nxr 150 Bros Es,Met. de Sao Paulo,100.27,210.6312955021442,209.84584110992404,162.66206369065912,270.14574864296776,107.48368495230864
Honda - Nxr 150 Bros Es,Para,215.79000000000002,267.7510542657213,204.66531460172706,90.06777693471473,269.2773025608624,179.20952562614764
Honda - Nxr 150 Bros Es,Pernambuco,235.46,110.0738979019791,110.04293686211612,87.69101817891041,154.52269493769572,66.8316767587853
Honda - Nxr 150 Bros Esd,Bahia,127.73,208.85461520394583,194.24643137882592,128.17283223512078,255.33426499525814,127.16143276013736
Honda - Nxr 150 Bros Esd,Met.BH-Centro Oeste-Zona Mata-C. Vertentes,135.5,8.0,42.44562133556637,7.788490367777938,367.58934369388896,359.80085332611105
Honda - Nxr 150 Bros Esd,Para,110.2,281.2431941923775,195.92627117201454,125.95026778169955,283.2746908582361,157.32442307653656
Honda - Nxr 150 Bros Esd,Pernambuco,188.47,47.76887568313259,86.86839499414918,47.229925188428766,248.54122592121914,201.31130073279036
Honda - Nxr 150 Bros Ks,Ceara,131.5,93.11026615969581,141.3062392805777,55.64989096722872,830.3094344664337,774.6595434992049
Honda - Nxr 150 Bros Ks,Pernambuco,108.16,3.411612426035503,22.484207537163975,3.374396612379238,411.02113105368784,407.6467344413086
Honda - Vt 600 C Shadow,Met. de Sao Paulo,444.48,579.6796256299496,488.42219453517396,298.39149867082574,581.158418073279,282.76691940245325
Honda - Vt 600 C Shadow,Ribeirao Preto e Demais Mun. de Campinas,117.26,202.84837114105406,228.04159241307713,201.20713185635293,284.35468745392717,83.14755559757424
Honda - Vt 750 Shadow,Grande Campinas,103.98,668.4843239084439,626.1518778237187,506.19225184133217,672.1086910428118,165.9164392014796
Honda - Vt 750 Shadow,Met. de Sao Paulo,557.59,299.4440359403863,355.8308810425262,298.505560522257,541.3126577165291,242.8070971942721
Honda - Vt 750 Shadow,Ribeirao Preto e Demais Mun. de Campinas,259.48,282.8079235393864,288.03899078140876,208.98486972274767,413.5919721810013,204.60710245825365
Honda - Xr 250 Tornado,Ribeirao Preto e Demais Mun. de Campinas,152.53,461.01750475316334,422.8983329428563,309.3297837825202,463.5662536100246,154.23646982750438
