VehModel,Area,exposure,actual,MF,CMF,GLM,GLMM
Agrale Caminhoes - Todos,Rio Grande do Sul,254.82821917830034,510.0337804780592,117.08474731445312,115.32893371582031,159.31305347884057,159.31305347884057
Agrale Caminhoes - Todos,Sao Paulo,156.68095890440046,100.1653302975747,106.53694152832031,101.53749084472656,129.01069960245698,129.01069960245698
Audi A3,Parana,655.9338356162049,998.9178243632789,981.392578125,892.5069580078125,1029.056570969982,1029.056570969982
Audi A4,Rio Grande do Sul,105.57547945220024,921.9186169461583,1175.9439697265625,859.4530639648438,1264.3578747609138,1264.3578747609138
Audi A4,Sao Paulo,641.5891780822352,1220.7032580272344,1200.2945556640625,711.2899169921875,1023.868982540377,1023.868982540377
Bmw - Todos,Sao Paulo,3568.6649315067752,1187.2784588411998,1205.052734375,1418.417724609375,1406.0519175498537,1406.0519175498537
Bmw Motos Acima De 450cc,Parana,103.59369863003492,2508.926734320157,697.7788696289062,354.22174072265625,1003.0081976084551,1003.0081976084551
Chevrolet Caminhoes - Todos,Minas Gerais,112.02821917783469,1.9637909235240976,0.0,9.293708801269531,4.221608969313998,4.221608969313998
Chrysler - Todos,Minas Gerais,244.79,433.85350708770784,1280.345703125,973.3348388671875,895.60842935175,895.60842935175
Citroen C3,Alagoas,642.6246575344354,335.9612761021873,427.6835021972656,310.1239929199219,519.0767235876696,519.0767235876696
Citroen C3,Maranhao,311.4554794522002,465.7776458296797,495.7923583984375,471.5937194824219,591.0834196379042,591.0834196379042
Citroen C3,Mato Grosso,457.8436986300349,388.01451353718824,578.5657348632812,342.0956115722656,660.0840418757349,660.0840418757349
Citroen C3,Pernambuco,1038.0282191783003,369.72308932391195,405.60235595703125,447.2857360839844,435.1604495906664,435.1604495906664
Citroen C3,Sergipe,236.91643835613505,431.06337706496845,603.1669311523438,483.4078369140625,558.5057129900225,558.5057129900225
Citroen C4,Mato Grosso do Sul,327.2973972605355,1266.3834282496973,817.5718383789062,1119.8355712890625,852.1432701233923,852.1432701233923
Citroen C4,Paraiba,156.7891780817695,1236.2269027197422,696.303955078125,578.2348022460938,710.9557488858603,710.9557488858603
Citroen C4,Rio Grande do Sul,1954.844794521071,787.0143984381758,662.798828125,670.9120483398438,661.7502383670331,661.7502383670331
Citroen Jumper,Sao Paulo,232.81547945220024,1167.400898941522,1504.4654541015625,1376.2557373046875,2506.5068934185115,2506.5068934185115
Citroen Xsara,Alagoas,155.23191780833528,834.0552756673338,498.8348388671875,413.3215026855469,555.5216648785067,555.5216648785067
Citroen Xsara,Distrito Federal,1375.7846575339697,405.16660579654456,511.6283874511719,540.3623657226562,545.1162406549965,545.1162406549965
Citroen Xsara,Esperito Santo,397.666438356135,829.9568889050257,595.1312255859375,701.1506958007812,622.682056633171,622.682056633171
Citroen Xsara,Mato Grosso do Sul,232.6936986305006,815.432481054426,585.7147827148438,491.6147155761719,609.5992399928989,609.5992399928989
Citroen Xsara,Paraiba,103.58273972610012,688.3000023799842,486.6610412597656,409.4053955078125,508.5976729319769,508.5976729319769
Citroen Xsara,Pernambuco,450.86,266.6215676706738,475.842529296875,317.98199462890625,465.7135380200835,465.7135380200835
Citroen Xsara,Santa Catarina,2987.2456164383702,570.7046620534131,569.5609130859375,346.6800537109375,539.0773813656766,539.0773813656766
Citroen Xsara,Sao Paulo,14942.10849315064,429.9190440856905,397.43438720703125,275.0605163574219,383.35424221735474,383.35424221735474
Dodge Journey,Sao Paulo,576.6227397261001,1224.6880869378165,333.59246826171875,306.34210205078125,538.1625063300334,538.1625063300334
Dodge Ram,Sao Paulo,417.07,1399.1512216174742,1544.6761474609375,703.1500244140625,1498.7074016419278,1498.7074016419278
Fiat Brava,Rio de Janeiro,340.2209589039348,427.58388686182013,296.990234375,335.8324890136719,393.1955108154475,393.1955108154475
Fiat Doblo,Distrito Federal,722.0836986305005,254.60621857089848,371.3604431152344,602.99755859375,418.7919010393044,418.7919010393044
Fiat Doblo,Esperito Santo,286.00369863003493,227.17888024255325,493.25286865234375,415.427001953125,478.38274260023957,478.38274260023957
Fiat Doblo,Parana,1357.3356164388358,563.8354956071298,427.9316711425781,185.34495544433594,420.23243874036865,420.23243874036865
Fiat Doblo,Rio Grande do Norte,194.54821917830034,459.9065485045561,316.9420166015625,326.37890625,373.31728398980084,373.31728398980084
Fiat Doblo,Sao Paulo,9305.340410959907,328.3143727231843,353.8570556640625,433.1241149902344,294.5163616420247,294.5163616420247
Fiat Ducato,Rio Grande do Sul,322.5782191778347,798.2684034164135,816.43212890625,895.8424682617188,790.0073736664616,790.0073736664616
Fiat Ducato,Sao Paulo,2612.8873972605356,656.6605211533027,761.1078491210938,739.74658203125,639.7429572922375,639.7429572922375
Fiat Elba,Sao Paulo,459.2827397261001,150.02087829621183,58.8772087097168,56.11109161376953,83.74294148035398,83.74294148035398
Fiat Fiorino,Distrito Federal,604.91,482.9296920203006,392.8373718261719,477.150634765625,466.6172297616829,466.6172297616829
Fiat Fiorino,Minas Gerais,2799.2919178083353,448.3283761925714,409.8131408691406,585.4884643554688,458.3893642082562,458.3893642082562
Fiat Fiorino,Santa Catarina,2244.2920547954363,451.9549930378618,493.03509521484375,353.8119201660156,461.44799138214523,461.44799138214523
Fiat Idea,Maranhao,191.96,469.6447176495103,343.6881408691406,342.8662414550781,389.2291484152782,389.2291484152782
Fiat Idea,Paraiba,301.1554794522002,483.6339032081852,285.0191955566406,363.40740966796875,312.94030505072925,312.94030505072925
Fiat Idea,Parana,2746.7282191783,349.99749639867645,333.6883544921875,973.9287719726562,336.56391684682256,336.56391684682256
Fiat Linea,Distrito Federal,315.7627397261001,1014.6890677409349,670.13232421875,428.9609069824219,739.2607598438683,739.2607598438683
Fiat Linea,Minas Gerais,1285.6064383556693,375.8241912804818,723.1883544921875,778.095458984375,726.2253686217612,726.2253686217612
Fiat Linea,Rio Grande do Sul,460.89917808223515,426.18865326974463,645.8565673828125,413.9757995605469,641.9991277358863,641.9991277358863
Fiat Linea,Santa Catarina,330.62013698616994,431.60407983851604,777.323486328125,668.2283325195312,731.0711456407606,731.0711456407606
Fiat Marea,Santa Catarina,177.96,439.6100247246572,542.85595703125,529.2914428710938,508.5423684399065,508.5423684399065
Fiat Palio 1.0,Acre,204.39369863003492,336.04754187811756,584.0549926757812,705.036376953125,608.0978909187585,608.0978909187585
Fiat Palio 1.0,Maranhao,1673.8573972605354,585.6096233790626,373.7477722167969,568.8193359375,394.17366975424966,394.17366975424966
Fiat Palio 1.0,Minas Gerais,40629.095753425005,313.7461654909073,347.6319580078125,479.075927734375,333.6816081758333,333.6816081758333
Fiat Palio 1.0,Rio Grande do Norte,3648.4102739714085,312.52049917041086,304.8375244140625,446.332275390625,302.78777162421875,302.78777162421875
Fiat Palio 1.0,Sergipe,1535.5056164383702,278.2835799657595,374.6162109375,570.4741821289062,372.44869193396295,372.44869193396295
Fiat Palio Acima De 1.0,Amazonas,254.63,710.1402034324313,411.4161376953125,405.09869384765625,427.8258932714339,427.8258932714339
Fiat Palio Acima De 1.0,Maranhao,281.0954794522002,637.7299284547312,417.7839660644531,342.07379150390625,446.53782119996265,446.53782119996265
Fiat Palio Acima De 1.0,Mato Grosso,563.7554794522002,588.2408456982772,494.6639404296875,505.1072082519531,498.66479091668657,498.66479091668657
Fiat Palio Acima De 1.0,Parana,4741.677397261001,458.72585116322966,386.0314025878906,424.3348083496094,386.1183540215214,386.1183540215214
Fiat Palio Acima De 1.0,Piaui,300.18,576.0710240522353,493.7015075683594,418.26837158203125,537.0473340804502,537.0473340804502
Fiat Palio Acima De 1.0,Santa Catarina,2910.1273972605354,345.7907035091596,369.3887634277344,237.1678009033203,380.53195805923036,380.53195805923036
Fiat Palio Acima De 1.0,Tocantins,185.16821917830035,592.5584880974991,535.2816162109375,547.9526977539062,537.3954418656967,537.3954418656967
Fiat Palio Weekend,Amazonas,182.97273972610012,314.81738802309263,468.8800048828125,465.0661315917969,446.52772997926576,446.52772997926576
Fiat Palio Weekend,Esperito Santo,979.261917808801,474.49920348145696,436.7024230957031,464.3702392578125,458.76232540241875,458.76232540241875
Fiat Palio Weekend,Mato Grosso,579.9809589044005,625.9912406190639,552.00244140625,481.6160888671875,520.4632552881549,520.4632552881549
Fiat Palio Weekend,Rio de Janeiro,10084.046438356136,339.02253632990084,359.68115234375,174.90626525878906,325.4980718941124,325.4980718941124
Fiat Punto,Amazonas,235.51821917783468,566.750209244798,465.279296875,451.6470947265625,493.607100768041,493.607100768041
Fiat Punto,Ceara,650.0154794522002,245.0849326453848,391.356201171875,270.94879150390625,405.10266121752886,405.10266121752886
Fiat Punto,Goias,1342.67,576.0179344142641,562.5303955078125,553.1875,570.5886091099281,570.5886091099281
Fiat Punto,Mato Grosso,278.1454794522002,572.4702062877277,557.615234375,510.7740478515625,575.337971756003,575.337971756003
Fiat Siena 1.0,Amazonas,757.6619178083353,420.646719214708,409.77764892578125,376.5506591796875,435.76121694991036,435.76121694991036
Fiat Siena 1.0,Para,1465.6309589044006,459.7985570008394,503.1943054199219,489.2713928222656,485.6205564998243,485.6205564998243
Fiat Siena 1.0,Paraiba,1032.139178082235,415.0583652836281,359.80108642578125,331.18353271484375,365.675533620382,365.675533620382
Fiat Siena 1.0,Parana,4982.377534246705,363.95174543395234,392.0124816894531,264.39935302734375,393.2800853836234,393.2800853836234
Fiat Siena 1.0,Piaui,730.6819178078696,476.76696454338895,491.1795349121094,315.8138732910156,547.0084993432722,547.0084993432722
Fiat Siena 1.0,Sao Paulo,30361.78205479497,257.34270096198287,273.21722412109375,343.6058349609375,275.6270320316966,275.6270320316966
Fiat Siena Acima De 1.0,Alagoas,422.8736986305006,464.0037927056067,432.71112060546875,447.5442199707031,437.9801148351691,437.9801148351691
Fiat Siena Acima De 1.0,Maranhao,440.7036986300349,1011.9905990950195,472.9329833984375,534.0634765625,498.7370310517298,498.7370310517298
Fiat Siena Acima De 1.0,Mato Grosso do Sul,406.62369863003494,396.8902957297517,463.19775390625,404.8023986816406,480.6155403388511,480.6155403388511
Fiat Siena Acima De 1.0,Pernambuco,1924.8764383556693,459.6118391660266,410.55364990234375,359.1162414550781,367.1742827652604,367.1742827652604
Fiat Siena Acima De 1.0,Rio Grande do Sul,2878.3773972605354,404.9667014163577,358.7736511230469,456.0762939453125,373.23236541676977,373.23236541676977
Fiat Siena Acima De 1.0,Tocantins,234.09,686.0523730189243,609.4786376953125,468.9005432128906,600.2156915994117,600.2156915994117
Fiat Stilo,Esperito Santo,371.14643835613504,1041.5565395485899,693.5731811523438,677.8021850585938,753.3020164427384,753.3020164427384
Fiat Stilo,Mato Grosso,116.94273972610011,567.1237064852005,827.9879760742188,631.6171875,854.6168636428569,854.6168636428569
Fiat Stilo,Rio Grande do Sul,2344.128493149709,472.4890308857588,562.1490478515625,970.7394409179688,572.7019787081907,572.7019787081907
Fiat Strada,Alagoas,531.0336986300349,406.48644437607675,513.0801391601562,789.9340209960938,530.9664336769686,530.9664336769686
Fiat Strada,Goias,5308.3256164379045,635.0710645105798,673.905029296875,465.7664794921875,669.6298503216153,669.6298503216153
Fiat Strada,Santa Catarina,4082.3084931511057,328.0580098850527,503.4025573730469,503.65435791015625,515.2490222361566,515.2490222361566
Fiat Tempra,Santa Catarina,115.36821917830035,0.0,204.94540405273438,177.1860809326172,196.69641084781824,196.69641084781824
Fiat Tipo,Minas Gerais,116.3,131.91745485812555,48.160194396972656,51.6611213684082,186.87382389950739,186.87382389950739
Fiat Tipo,Rio Grande do Sul,114.30547945220023,219.447047684967,117.19325256347656,62.72074890136719,165.20055223055508,165.20055223055508
Fiat Uno 1.0,Acre,113.52547945220023,514.6245607762347,721.9583740234375,749.9644165039062,721.3586877964292,721.3586877964292
Fiat Uno 1.0,Amazonas,363.0556164383702,454.04062776145605,469.38916015625,537.8662719726562,447.9960625414511,447.9960625414511
Fiat Uno 1.0,Esperito Santo,3902.553698630035,638.5839100368657,433.9184265136719,649.132080078125,460.27088940744375,460.27088940744375
Fiat Uno 1.0,Goias,6256.199452055506,533.3690246885682,554.746826171875,627.00341796875,517.8642078173308,517.8642078173308
Fiat Uno 1.0,Maranhao,1012.7801369866356,607.1110377711857,465.1590881347656,727.1309814453125,467.5901782001351,467.5901782001351
Fiat Uno 1.0,Parana,13677.86849315157,374.3648363459417,411.79534912109375,244.07594299316406,404.3221903983284,404.3221903983284
Fiat Uno 1.0,Rio de Janeiro,14364.458356164936,309.98746277745636,359.1104736328125,167.95428466796875,326.56841844999786,326.56841844999786
Fiat Uno Acima De 1.0,Minas Gerais,245.72821917830035,139.283962234576,48.08096694946289,56.99769592285156,115.70552410500031,115.70552410500031
Fiat Uno Acima De 1.0,Santa Catarina,112.35273972610011,23.328314079297243,167.5196533203125,81.38990020751953,116.47757530825608,116.47757530825608
Fiat Uno Acima De 1.0,Sao Paulo,950.2136986305006,118.05554914823581,124.50900268554688,46.333595275878906,82.83072924427174,82.83072924427174
Fiat Uno Furgao,Rio Grande do Sul,110.92,1113.0905156869817,220.06466674804688,181.714111328125,281.8154582846425,281.8154582846425
Fiat Uno Furgao,Rio de Janeiro,133.9482191778347,468.36009007860963,192.7607879638672,205.2407989501953,263.0061674839791,263.0061674839791
Fiat Uno Furgao,Sao Paulo,558.0436986305006,409.44642966265303,199.11070251464844,181.8030242919922,228.21236953391013,228.21236953391013
Ford Caminhoes - Outros,Alagoas,128.53,200.96475531004435,509.5865478515625,421.7791748046875,437.00254223521654,437.00254223521654
Ford Caminhoes - Outros,Bahia,755.103698630035,653.4612410126173,457.3707275390625,730.5626831054688,414.7501057728724,414.7501057728724
Ford Caminhoes - Outros,Distrito Federal,164.5,887.6838905775076,474.0130920410156,266.1988830566406,428.81708858651984,428.81708858651984
Ford Caminhoes - Outros,Goias,587.4309589044004,760.0450627129102,617.6240234375,555.7254638671875,551.1270174286851,551.1270174286851
Ford Caminhoes - Outros,Minas Gerais,1435.6883561644704,323.320167644254,485.0835266113281,342.0978088378906,421.255753241694,421.255753241694
Ford Caminhoes - Outros,Parana,1517.9664383566007,346.94969973787886,402.55059814453125,353.2598571777344,430.29211038478405,430.29211038478405
Ford Caminhoes - Outros,Pernambuco,769.4127397261001,387.45394325823565,486.4697265625,197.10980224609375,366.35474894150764,366.35474894150764
Ford Caminhoes - Outros,Sao Paulo,5198.503835617136,248.66270005291653,189.47940063476562,225.02552795410156,301.56659769925864,301.56659769925864
Ford Cargo,Bahia,641.5782191778347,696.834753169946,988.049560546875,1191.9342041015625,1088.9073148318207,1088.9073148318207
Ford Cargo,Rio Grande do Sul,1805.8991780822353,883.2359078283864,1100.0458984375,1122.69189453125,977.7172494632065,977.7172494632065
Ford Cargo,Sao Paulo,5513.517808218114,1060.6678355664892,1007.226806640625,513.44189453125,791.7492233829489,791.7492233829489
Ford Cargo,Sergipe,163.9282191778347,724.6342368371298,1658.927001953125,853.3392333984375,1234.481080649702,1234.481080649702
Ford Courier,Parana,1287.6182191783003,380.92114005112694,385.615966796875,392.2060546875,396.70382857574606,396.70382857574606
Ford Del Rey,Rio Grande do Sul,111.93369863050059,14.964215607037778,51.83188247680664,53.87565612792969,103.18190360300812,103.18190360300812
Ford Del Rey,Sao Paulo,377.69547945220023,117.57090676437355,65.0297622680664,51.284027099609375,83.55605067795247,83.55605067795247
Ford Eco Sport,Paraiba,739.5473972605355,521.2079731844514,389.62744140625,432.3586730957031,364.5386972225904,364.5386972225904
Ford Eco Sport,Parana,6809.7960273978115,381.9281795718996,385.0880126953125,423.9007263183594,392.0574301210079,392.0574301210079
Ford Eco Sport,Rio de Janeiro,10732.226575342305,356.1995242238977,335.6512756347656,311.5953369140625,316.6622508896989,316.6622508896989
Ford Eco Sport,Sao Paulo,47767.420410958046,300.6783258638173,239.1229248046875,343.2562561035156,274.7701443993012,274.7701443993012
Ford Eco Sport,Tocantins,240.33821917830036,764.1231620500465,557.1612548828125,547.6681518554688,545.6613851743115,545.6613851743115
Ford Escort,Rio de Janeiro,1637.9446575344355,203.21199404931806,164.01963806152344,180.32383728027344,219.88463272028,219.88463272028
Ford F-1000,Mato Grosso,109.54095890393481,0.0,248.46240234375,116.00238800048828,252.27901621552115,252.27901621552115
Ford F-250,Distrito Federal,145.70821917783468,2396.186035146549,859.7039184570312,491.9957580566406,844.1193464438425,844.1193464438425
Ford F-250,Mato Grosso,274.4554794522002,1841.1109918758416,1104.7264404296875,821.0902709960938,1093.9145838482755,1093.9145838482755
Ford F-250,Rio Grande do Sul,609.0430136993714,789.1528006874764,685.6906127929688,1176.7559814453125,733.0618823003502,733.0618823003502
Ford F-250,Rio de Janeiro,130.79369863003492,665.6360429584769,752.4317626953125,751.5684814453125,684.1349206531924,684.1349206531924
Ford Fiesta 1.0,Alagoas,1524.5310958901048,374.65224654307247,326.6543884277344,212.3484649658203,345.05600268658867,345.05600268658867
Ford Fiesta 1.0,Amazonas,600.0527397261001,314.94231671413195,357.91802978515625,353.22589111328125,376.45721603562623,376.45721603562623
Ford Fiesta 1.0,Bahia,9611.81301369844,306.4835942815006,326.0649719238281,232.3840789794922,327.4855401980641,327.4855401980641
Ford Fiesta 1.0,Esperito Santo,2366.3636986305005,349.3199293406983,374.2195739746094,286.1457214355469,386.7719208637816,386.7719208637816
Ford Fiesta 1.0,Maranhao,929.3064383556693,702.5465153940166,367.6782531738281,421.79833984375,392.9224193003664,392.9224193003664
Ford Fiesta 1.0,Parana,11219.836712329407,304.76236755232463,345.7135314941406,181.15586853027344,339.7574641957881,339.7574641957881
Ford Fiesta Acima De 1.0,Alagoas,837.2191780817695,472.88333851489074,391.4784851074219,400.450927734375,386.3559090445849,386.3559090445849
Ford Fiesta Acima De 1.0,Bahia,2778.71,346.3456064144873,377.73193359375,404.5366516113281,366.68243008976873,366.68243008976873
Ford Fiesta Acima De 1.0,Distrito Federal,2338.884657533504,419.316103015632,388.80401611328125,455.12139892578125,379.1191127339531,379.1191127339531
Ford Fiesta Acima De 1.0,Minas Gerais,6814.152876711804,379.9575746016099,397.3513488769531,274.3575744628906,372.4341022170836,372.4341022170836
Ford Fiesta Acima De 1.0,Piaui,205.34547945220024,651.7260587231596,514.5734252929688,376.4753723144531,529.1259941508702,529.1259941508702
Ford Fiesta Acima De 1.0,Rio Grande do Norte,503.67643835613507,422.54706353668297,356.60919189453125,213.60748291015625,337.95237473128566,337.95237473128566
Ford Fiesta Acima De 1.0,Santa Catarina,3704.90465753397,310.90975516943877,330.70697021484375,452.9508972167969,374.91918837847794,374.91918837847794
Ford Fiesta Acima De 1.0,Sao Paulo,46909.307397260534,279.2158470616196,236.20689392089844,447.71539306640625,266.616382585864,266.616382585864
Ford Focus,Alagoas,513.2373972600699,514.6390372371051,615.761474609375,633.2337646484375,654.6408841415528,654.6408841415528
Ford Focus,Mato Grosso,391.04821917830037,972.3634614651633,789.2581787109375,754.2357788085938,832.4742396357486,832.4742396357486
Ford Focus,Minas Gerais,4713.207671233341,647.5174048932561,654.7689208984375,491.94720458984375,631.051795125312,631.051795125312
Ford Focus,Para,322.9646575344354,776.1499413392407,839.8417358398438,654.7074584960938,795.9350892107814,795.9350892107814
Ford Focus,Parana,5185.101369862445,667.1935133433614,619.6904296875,364.27716064453125,644.588487153037,644.588487153037
Ford Focus,Rio Grande do Norte,347.8364383556694,899.60097762972,574.02685546875,496.8625793457031,572.6260067794012,572.6260067794012
Ford Focus,Tocantins,165.5282191778347,611.3277875072449,891.5928344726562,705.8886108398438,897.1314397964113,897.1314397964113
Ford Fusion,Esperito Santo,142.14000000000001,698.740678204587,833.278076171875,822.10986328125,895.1631839214334,895.1631839214334
Ford Fusion,Mato Grosso do Sul,148.78,177.5507460680199,866.2689208984375,526.9435424804688,876.3554221213122,876.3554221213122
Ford Fusion,Rio Grande do Sul,1132.5927397261,407.527775704815,681.0247802734375,519.5072631835938,680.5527072918682,680.5527072918682
Ford Ka 1.0,Amazonas,405.09,590.305857957491,350.3941345214844,278.283935546875,373.4479565443427,373.4479565443427
Ford Ka 1.0,Esperito Santo,1376.5227397261,365.8174220210829,367.11077880859375,469.2751770019531,383.6802094441464,383.6802094441464
Ford Ka 1.0,Goias,2835.0419178083353,486.5032122933307,422.2696838378906,386.45404052734375,431.6897989676929,431.6897989676929
Ford Ka 1.0,Rio de Janeiro,7894.486438356135,310.58689113544955,276.79852294921875,340.3397216796875,272.22629558442924,272.22629558442924
Ford Ka Acima De 1.0,Parana,374.78821917783466,351.67327374679377,398.29632568359375,266.4441833496094,403.4281935375777,403.4281935375777
Ford Mondeo,Parana,142.55369863003492,304.14503739059796,244.1149444580078,175.98309326171875,432.0068560056875,432.0068560056875
Ford Pampa,Parana,304.0236986305006,74.85600662880972,122.18685150146484,104.55963897705078,108.93262115379096,108.93262115379096
Ford Pampa,Sao Paulo,1034.5936986305005,88.82230785055245,53.3218879699707,66.29849243164062,76.34450910669702,76.34450910669702
Ford Ranger,Parana,2588.7058904102446,848.4486430599995,771.8870239257812,306.248779296875,790.846975196487,790.846975196487
Ford Ranger,Pernambuco,559.2173972610012,675.6209693234241,815.2002563476562,328.7285461425781,673.3345512428087,673.3345512428087
Ford Ranger,Tocantins,217.26191780786962,1683.0929400309044,1185.13134765625,1063.0380859375,1100.6924567490967,1100.6924567490967
Ford Verona,Rio Grande do Sul,127.91547945220023,0.31270648533938616,92.20720672607422,43.4734992980957,165.76829595145944,165.76829595145944
Ford Versailles,Rio de Janeiro,100.51,90.1402845488011,58.012577056884766,76.3817367553711,138.13902707911618,138.13902707911618
Gm Chevrolet Astra,Mato Grosso,707.7256164388358,933.772898210635,681.354736328125,801.2335815429688,692.6642318661821,692.6642318661821
Gm Chevrolet Astra,Para,307.02821917783467,534.1463414638453,717.960693359375,847.8258666992188,662.2616543963652,662.2616543963652
Gm Chevrolet Astra,Pernambuco,1269.6436986305007,701.0770036980647,502.5284729003906,454.7803649902344,456.63894206217714,456.63894206217714
Gm Chevrolet Astra,Piaui,131.1882191778347,1377.974342002069,691.9644165039062,596.1389770507812,745.9790342381843,745.9790342381843
Gm Chevrolet Captiva,Esperito Santo,157.65,1359.6320964161116,706.9190063476562,533.579345703125,789.5294464944055,789.5294464944055
Gm Chevrolet Captiva,Goias,238.62,1027.4872181711507,869.2581787109375,454.1987609863281,888.3226177602979,888.3226177602979
Gm Chevrolet Celta 1.0,Ceara,5999.350136986635,242.05605054573513,286.3686218261719,370.5334167480469,294.89264598535146,294.89264598535146
Gm Chevrolet Celta 1.0,Distrito Federal,6397.923698630035,320.29891204216744,315.52587890625,307.5658874511719,323.1783994853487,323.1783994853487
Gm Chevrolet Celta 1.0,Goias,7636.908356164936,412.5300256427431,400.0472412109375,439.8742980957031,415.35739163948836,415.35739163948836
Gm Chevrolet Celta 1.0,Mato Grosso do Sul,1624.3046575344354,306.5053084042181,340.4311828613281,489.4782409667969,361.40788333818324,361.40788333818324
Gm Chevrolet Celta 1.0,Minas Gerais,20336.747671234272,300.1699730303783,316.56085205078125,273.8294982910156,317.47979203766585,317.47979203766585
Gm Chevrolet Celta 1.0,Para,1898.849178082235,463.1036578103185,400.2593688964844,397.90985107421875,400.43195907229926,400.43195907229926
Gm Chevrolet Celta 1.0,Pernambuco,10944.130273971874,223.36530531016982,282.9352722167969,276.4587097167969,276.10359884919706,276.10359884919706
Gm Chevrolet Celta 1.0,Rio Grande do Norte,2954.2510958905705,316.0279778853919,276.936279296875,223.5050506591797,288.08599698473677,288.08599698473677
Gm Chevrolet Celta 1.0,Tocantins,648.8483561640047,487.45442135335423,430.9344787597656,352.1516418457031,451.3434636224395,451.3434636224395
Gm Chevrolet Celta Acima De 1.0,Distrito Federal,249.53,251.57295715945978,234.6260986328125,185.4300994873047,288.78819457857526,288.78819457857526
Gm Chevrolet Celta Acima De 1.0,Esperito Santo,103.18547945220023,204.08879342132047,302.98944091796875,222.65493774414062,329.88051633812444,329.88051633812444
Gm Chevrolet Celta Acima De 1.0,Parana,515.4527397261002,290.19343282467355,268.4498596191406,160.64207458496094,289.78155257064793,289.78155257064793
Gm Chevrolet Celta Acima De 1.0,Rio de Janeiro,623.65,461.6916539725808,193.23377990722656,142.37130737304688,234.05468600610513,234.05468600610513
Gm Chevrolet Chevette,Rio Grande do Sul,150.37273972610012,52.921826219933756,25.723907470703125,16.330156326293945,58.41545850356275,58.41545850356275
Gm Chevrolet Corsa 1.0,Minas Gerais,17194.94958904028,260.087473757439,310.5309753417969,357.1624755859375,279.9467353319237,279.9467353319237
Gm Chevrolet Corsa 1.0,Paraiba,2176.8493150679396,359.13923604565167,291.51409912109375,247.45472717285156,265.8807489613368,265.8807489613368
Gm Chevrolet Corsa 1.0,Rio Grande do Norte,2076.269315068405,404.6088789653585,277.9833679199219,267.3470764160156,254.02792988207358,254.02792988207358
Gm Chevrolet Corsa 1.0,Rio de Janeiro,21713.09863013588,264.2023185045561,254.33274841308594,428.318603515625,230.96147837200942,230.96147837200942
Gm Chevrolet Corsa 1.0,Sergipe,2069.183698630035,302.8764436985127,299.58294677734375,246.9050750732422,312.4709088869397,312.4709088869397
Gm Chevrolet Corsa Acima De 1.0,Ceara,1309.4709589044005,328.15237106099977,350.28009033203125,191.52764892578125,330.8309834423278,330.8309834423278
Gm Chevrolet Corsa Acima De 1.0,Maranhao,466.3109589044005,387.7498406317075,425.77294921875,392.4405212402344,420.73986333157643,420.73986333157643
Gm Chevrolet Corsa Acima De 1.0,Rio de Janeiro,9068.310136986636,371.22219566242444,327.2433166503906,547.5045776367188,293.84781407502516,293.84781407502516
Gm Chevrolet Corsa Acima De 1.0,Tocantins,208.76369863003492,559.225577847679,543.0819091796875,410.7966003417969,506.34834056830005,506.34834056830005
Gm Chevrolet D-20,Parana,439.3019178088009,249.86232827641206,457.0042724609375,254.3231964111328,447.1720936394449,447.1720936394449
Gm Chevrolet Ipanema,Parana,140.27547945220024,88.61135280764164,66.6793441772461,26.665510177612305,46.357493755894495,46.357493755894495
Gm Chevrolet Ipanema,Sao Paulo,610.1191780827008,230.7532774865774,43.8179931640625,30.574430465698242,32.48925865112513,32.48925865112513
Gm Chevrolet Kadett,Rio de Janeiro,603.9,191.11607882099685,99.94862365722656,117.15160369873047,148.0761983466678,148.0761983466678
Gm Chevrolet Kadett,Santa Catarina,261.3664383566007,89.41851963454195,187.80784606933594,144.0299072265625,180.67969134353802,180.67969134353802
Gm Chevrolet Meriva,Esperito Santo,704.9182191778347,518.7438628363063,408.4161682128906,403.1658630371094,421.2870981075968,421.2870981075968
Gm Chevrolet Meriva,Goias,746.5191780822352,497.29197976358637,498.6565856933594,434.6555480957031,474.0024067262347,474.0024067262347
Gm Chevrolet Meriva,Maranhao,106.17917808223515,105.70810777332518,420.9369812011719,379.271240234375,427.98646147523084,427.98646147523084
Gm Chevrolet Meriva,Parana,4528.56013698617,289.4081033165272,383.00762939453125,290.28424072265625,370.07711374645163,370.07711374645163
Gm Chevrolet Meriva,Pernambuco,1156.9819178078696,300.34609413636974,361.63037109375,340.3735046386719,315.08713458477905,315.08713458477905
Gm Chevrolet Meriva,Rio de Janeiro,7433.25191780787,275.5573230463118,324.74334716796875,308.4891052246094,298.90889149975885,298.90889149975885
Gm Chevrolet Montana,Alagoas,114.79,477.3325202543775,479.5431213378906,406.5721130371094,508.17313759485666,508.17313759485666
Gm Chevrolet Montana,Ceara,333.8727397261001,571.6699127834764,439.13214111328125,397.6412353515625,455.0105234435198,455.0105234435198
Gm Chevrolet Montana,Mato Grosso,373.97,1157.713185549643,623.6270141601562,500.5502624511719,646.2184940944155,646.2184940944155
Gm Chevrolet Montana,Minas Gerais,2762.1210958905704,572.2765024139347,507.510986328125,485.9625244140625,489.8618135257729,489.8618135257729
Gm Chevrolet Montana,Piaui,102.68,1084.5929100116866,628.9382934570312,477.9858703613281,695.958338764831,695.958338764831
Gm Chevrolet Montana,Sergipe,131.79821917783468,821.6271864332718,549.302001953125,454.1973571777344,546.7738922545943,546.7738922545943
Gm Chevrolet Monza,Minas Gerais,761.0254794522002,181.65751835209505,184.62625122070312,110.20439910888672,183.29647851498743,183.29647851498743
Gm Chevrolet Monza,Santa Catarina,260.3454794522002,39.54745064774731,113.91259002685547,76.29347229003906,184.51953392124113,184.51953392124113
Gm Chevrolet Monza,Sao Paulo,4566.27835616447,146.39449193839783,89.85018157958984,144.73330688476562,131.21742544915594,131.21742544915594
Gm Chevrolet Omega,Minas Gerais,183.95821917830034,798.110574541367,227.14817810058594,197.07235717773438,512.8857612082707,512.8857612082707
Gm Chevrolet Omega,Parana,397.85369863050056,919.1544561701487,360.4263916015625,159.946044921875,523.8876736479672,523.8876736479672
Gm Chevrolet Omega,Santa Catarina,220.12821917830036,318.1463978649388,577.1216430664062,388.13995361328125,516.308018461211,516.308018461211
Gm Chevrolet Prisma,Amazonas,227.91,413.6632881400553,409.0475158691406,379.3213195800781,446.14545036204976,446.14545036204976
Gm Chevrolet Prisma,Bahia,1864.61,298.28060559580825,381.74017333984375,502.52764892578125,388.10833633986607,388.10833633986607
Gm Chevrolet Prisma,Rio de Janeiro,4928.53,325.44795304076473,331.18646240234375,236.0584259033203,325.2194077261916,325.2194077261916
Gm Chevrolet Prisma,Sao Paulo,29426.5636986305,265.42028760101175,294.6150207519531,136.6249542236328,282.19525179054995,282.19525179054995
Gm Chevrolet Prisma,Sergipe,443.4,290.7645466847091,468.43585205078125,257.3640441894531,439.9937367745516,439.9937367745516
Gm Chevrolet S-10,Bahia,2153.63739726007,910.1815386814111,635.7523803710938,986.6121826171875,583.4349022542547,583.4349022542547
Gm Chevrolet S-10,Distrito Federal,1745.9719178083353,337.92754280986594,632.061767578125,395.5558166503906,603.2231280525307,603.2231280525307
Gm Chevrolet S-10,Goias,6599.850273973271,575.6842719573773,834.221435546875,946.67724609375,775.27825326046,775.27825326046
Gm Chevrolet S-10,Parana,7706.343424657415,520.9845680058673,599.2971801757812,198.65982055664062,605.2980623002009,605.2980623002009
Gm Chevrolet S-10,Rio de Janeiro,2610.2375342467053,316.65432327733885,547.1160888671875,518.1281127929688,488.89533048256425,488.89533048256425
Gm Chevrolet S-10,Sergipe,387.03917808223514,829.5155069076358,605.0367431640625,661.9545288085938,661.4331071279698,661.4331071279698
Gm Chevrolet Silverado,Minas Gerais,137.44547945220023,575.5955038704153,187.62464904785156,149.3118896484375,823.8412307369017,823.8412307369017
Gm Chevrolet Silverado,Parana,292.5973972605355,181.09867174524922,435.9667053222656,298.36895751953125,841.5134489389169,841.5134489389169
Gm Chevrolet Tracker,Esperito Santo,124.66,557.8373175036098,774.9553833007812,606.0736083984375,864.140029200889,864.140029200889
Gm Chevrolet Tracker,Goias,141.73,950.7655401114796,933.7702026367188,533.1177978515625,972.2691614094641,972.2691614094641
Gm Chevrolet Tracker,Parana,528.6227397261001,753.0512217583765,708.3239135742188,644.9649047851562,759.0986035792695,759.0986035792695
Gm Chevrolet Vectra,Bahia,2043.4993150684052,581.1883523730194,557.2835083007812,554.9683227539062,507.64974514098856,507.64974514098856
Gm Chevrolet Vectra,Rio Grande do Sul,8689.98945205504,405.06435818142177,451.0241394042969,601.242919921875,455.8128187306772,455.8128187306772
Gm Chevrolet Zafira,Ceara,210.8527397261001,117.75991164380613,438.42767333984375,365.3118591308594,459.6060271293368,459.6060271293368
Gm Chevrolet Zafira,Parana,2615.551095891502,381.6755870562473,458.1558837890625,664.2980346679688,505.4234618122849,505.4234618122849
Gm Chevrolet Zafira,Santa Catarina,1258.10301369844,372.96707415126815,383.9273681640625,367.48590087890625,498.11094854554204,498.11094854554204
Gm Chevrolet Zafira,Sao Paulo,20003.093972603772,306.2167286915306,273.69683837890625,151.55667114257812,354.2217719023782,354.2217719023782
Harley-davidson Motos - Todas,Santa Catarina,158.85821917783468,118.4389457302014,821.017333984375,369.2293701171875,433.9882738218146,433.9882738218146
Harley-davidson Motos - Todas,Sao Paulo,3833.346575342305,254.79668503826366,564.3932495117188,344.7843322753906,308.62219709664214,308.62219709664214
Honda Accord,Sao Paulo,2088.3382191783003,633.0612483451968,317.9735107421875,244.7332000732422,223.69568695358953,223.69568695358953
Honda Civic,Mato Grosso do Sul,1547.1828767127358,767.7301874770822,839.6851196289062,1172.564208984375,866.5732004323688,866.5732004323688
Honda Civic,Piaui,483.43,1354.9097077136296,966.9171142578125,1148.166748046875,1081.5170648362293,1081.5170648362293
Honda Civic,Rio Grande do Sul,7516.21753424624,633.111000089916,676.2579956054688,744.6128540039062,672.956112022765,672.956112022765
Honda Civic,Sergipe,692.07,1398.2718511133266,885.9615478515625,1353.358154296875,849.6849051766144,849.6849051766144
Honda Cr-v,Bahia,504.10547945220026,971.417728948597,800.0751342773438,1088.8441162109375,803.5379772916488,803.5379772916488
Honda Cr-v,Mato Grosso,128.24547945220024,101.09518133021075,993.0695190429688,716.2636108398438,1076.642561441542,1076.642561441542
Honda Cr-v,Mato Grosso do Sul,191.81547945220024,1221.7157899313215,889.9398803710938,745.8176879882812,929.067528835155,929.067528835155
Honda Cr-v,Parana,712.5391780817695,729.9865270570559,794.8436279296875,873.3828125,833.6490990854358,833.6490990854358
Honda Cr-v,Santa Catarina,548.256438356135,1026.2752256718734,846.84326171875,837.3306274414062,821.587787022454,821.587787022454
Honda Fit,Acre,156.2182191778347,1707.1120219109414,929.921875,851.8311157226562,1014.9947955723702,1014.9947955723702
Honda Fit,Alagoas,561.4983561644704,541.8893869581966,489.6827392578125,503.55914306640625,577.7776077552203,577.7776077552203
Honda Fit,Maranhao,412.45821917830034,406.66422003701575,562.3936157226562,619.0504150390625,657.9273326334832,657.9273326334832
Honda Fit,Mato Grosso do Sul,942.1854794522002,784.2298741746699,593.2611694335938,526.1713256835938,634.0217003949376,634.0217003949376
Honda Fit,Santa Catarina,3728.9357534240744,672.8817995043231,598.2750244140625,845.279296875,560.6745145907629,560.6745145907629
Honda Motos Ate 450cc,Acre,149.8,1.3551401869158877,44.25399398803711,38.09449005126953,65.2832889670934,65.2832889670934
Honda Motos Ate 450cc,Alagoas,560.9273972600698,19.576508570696078,38.732826232910156,15.114471435546875,37.16198614055906,37.16198614055906
Honda Motos Ate 450cc,Amazonas,406.3509589039348,26.3466832436613,42.9802131652832,17.242267608642578,40.54384718974528,40.54384718974528
Honda Motos Ate 450cc,Bahia,2205.36,24.509377153843364,23.789567947387695,70.43700408935547,35.26967510003839,35.26967510003839
Honda Motos Ate 450cc,Maranhao,382.1554794522002,46.29791001652517,55.129268646240234,41.51801681518555,42.31712355868741,42.31712355868741
Honda Motos Ate 450cc,Mato Grosso,1213.8291780817694,39.30042287777863,80.1773910522461,33.37466812133789,47.25704871959503,47.25704871959503
Honda Motos Ate 450cc,Minas Gerais,3778.2438356166704,38.11585653695511,24.81450843811035,34.878265380859375,35.822904790271124,35.822904790271124
Honda Motos Ate 450cc,Piaui,179.54369863003492,28.377492715568266,48.85025405883789,19.633350372314453,50.89445353604012,50.89445353604012
Honda Motos Ate 450cc,Sao Paulo,8080.107534247171,38.95096676201889,30.742624282836914,47.98749923706055,25.644733476455,25.644733476455
Honda Motos Ate 450cc,Tocantins,142.16,30.683736634777716,34.168643951416016,17.302188873291016,50.927442724101375,50.927442724101375
Hyundai Accent,Sao Paulo,258.2736986305006,273.5431457969479,1811.96923828125,1114.3743896484375,1775.6422572873985,1775.6422572873985
Hyundai Azera,Bahia,124.51,198.44992370090756,885.6654663085938,799.7523803710938,1003.8181884179222,1003.8181884179222
Hyundai Azera,Minas Gerais,394.2409589044005,939.671517209941,921.361328125,1120.4007568359375,1019.5637835744766,1019.5637835744766
Hyundai Azera,Rio de Janeiro,539.12,485.03487164267693,773.5145263671875,575.7052001953125,841.1598673216163,841.1598673216163
Hyundai Hr,Ceara,441.53000000000003,515.5912395533712,558.6149291992188,255.96630859375,648.8212822309197,648.8212822309197
Hyundai Hr,Esperito Santo,212.59547945220024,1373.2041751416396,755.00439453125,631.68310546875,812.2331310579079,812.2331310579079
Hyundai Hr,Maranhao,117.88,187.51272480488635,671.7965087890625,600.5328369140625,825.1493701467158,825.1493701467158
Hyundai Hr,Minas Gerais,962.88,818.0333998005982,651.8562622070312,580.5142211914062,698.5174047457125,698.5174047457125
Hyundai Hr,Santa Catarina,418.95,928.2205513784461,764.521240234375,287.9801025390625,703.178298916501,703.178298916501
Hyundai Hr,Sao Paulo,5765.553698630035,711.4588146104118,530.0025634765625,434.2245788574219,500.05137155247604,500.05137155247604
Hyundai Santa Fe,Parana,435.39,874.8960701899447,504.9536437988281,297.2911376953125,578.3502375765713,578.3502375765713
Hyundai Santa Fe,Rio de Janeiro,513.9527397261002,849.1422776198838,454.1976013183594,486.4883728027344,467.1297467237461,467.1297467237461
Hyundai Santa Fe,Sao Paulo,3428.6082191778346,635.691178656348,317.171142578125,333.6900939941406,405.3318878390758,405.3318878390758
Hyundai Tucson,Alagoas,274.4627397261001,462.64932036574294,594.5363159179688,478.7975769042969,638.9018584395457,638.9018584395457
Hyundai Tucson,Esperito Santo,666.1436986305006,795.5790936543348,674.12451171875,867.429443359375,716.1425887627584,716.1425887627584
Hyundai Tucson,Goias,1366.07,789.2992306397183,794.1871337890625,652.9832153320312,805.7529227871272,805.7529227871272
Hyundai Tucson,Paraiba,423.9482191778347,528.6447491975161,581.8605346679688,584.6910400390625,584.9348800920912,584.9348800920912
Hyundai Tucson,Pernambuco,1595.54,656.8365569023654,570.34716796875,667.691162109375,535.6141150796717,535.6141150796717
Hyundai Tucson,Tocantins,139.32,113.44387022681597,877.1959228515625,894.4705200195312,875.562400753653,875.562400753653
Hyundai Veracruz,Rio de Janeiro,289.07821917830034,1608.5092862468557,803.0223999023438,688.6494140625,624.7861406365588,624.7861406365588
Kia Motors Besta,Parana,156.20821917830034,291.1882629433284,148.80284118652344,42.534873962402344,250.97869155010926,250.97869155010926
Kia Motors Bongo,Minas Gerais,176.11821917783467,826.5697931740227,631.5924072265625,522.1475219726562,810.7331117602812,810.7331117602812
Kia Motors Bongo,Rio de Janeiro,713.8427397261001,873.5663547397984,534.8792114257812,426.358154296875,668.870518655201,668.870518655201
Kia Motors Bongo,Santa Catarina,322.8536986300349,424.10850667349905,855.672607421875,519.3765258789062,816.142771145998,816.142771145998
Kia Motors Carens,Sao Paulo,296.27,419.04681540486723,276.47705078125,262.5683288574219,461.0901649893381,461.0901649893381
Kia Motors Cerato,Ceara,105.04,1574.6191926884994,810.5677490234375,578.2237548828125,918.9087065368234,918.9087065368234
Kia Motors Cerato,Distrito Federal,309.86,1399.9935454721488,892.0275268554688,1168.7171630859375,1007.0493418356525,1007.0493418356525
Kia Motors Cerato,Esperito Santo,157.45,759.3585265163545,981.1322021484375,676.6187744140625,1150.3446577776392,1150.3446577776392
Kia Motors Cerato,Parana,343.29,451.300649596551,895.8123779296875,1025.75048828125,1010.5133356238467,1010.5133356238467
Kia Motors Cerato,Santa Catarina,438.76643835613504,1203.1913880603179,925.1484375,1098.12255859375,995.8931354723262,995.8931354723262
Kia Motors Cerato,Tocantins,111.23,957.547424256046,1323.6998291015625,475.25103759765625,1406.4217741860778,1406.4217741860778
Kia Motors Magnetis,Rio Grande do Sul,101.59,1053.341864356728,632.004150390625,288.33441162109375,788.893579925725,788.893579925725
Kia Motors Picanto,Bahia,292.89,539.7896821332241,708.81005859375,701.285400390625,749.1173147691088,749.1173147691088
Kia Motors Picanto,Distrito Federal,381.6527397261001,528.3965736620357,688.6239013671875,473.07366943359375,774.5249523937597,774.5249523937597
Kia Motors Picanto,Esperito Santo,182.8,624.2505470459519,786.2655029296875,515.6653442382812,884.7338499597031,884.7338499597031
Kia Motors Picanto,Goias,111.92273972610012,232.8927978692204,916.6069946289062,449.4251403808594,995.4398700478603,995.4398700478603
Kia Motors Sorento,Parana,184.54821917783468,1123.2836649604362,786.0755004882812,595.5169677734375,1103.1105521372717,1103.1105521372717
Kia Motors Sorento,Rio Grande do Norte,117.82000000000001,2462.171108470548,300.2818908691406,340.373046875,979.9582262110988,979.9582262110988
Kia Motors Sorento,Sao Paulo,361.97273972610014,723.1842933754626,938.609375,731.3353881835938,773.1057299579788,773.1057299579788
Kia Motors Sportage,Paraiba,144.65,807.1966816453508,649.583984375,644.59619140625,674.4622888083594,674.4622888083594
Land Rover Defender,Minas Gerais,114.16,1387.6138752627892,278.9273376464844,155.19606018066406,426.08857924091706,426.08857924091706
Land Rover Defender,Sao Paulo,533.8564383566007,523.0301255887207,232.81771850585938,184.78878784179688,305.02629856421515,305.02629856421515
Land Rover Discovery,Parana,103.09821917830035,4072.660064805225,930.5219116210938,534.92333984375,1161.7111989767475,1161.7111989767475
Mercedes-benz - Outros,Bahia,129.28,2168.858292079208,2183.43505859375,1160.15673828125,1955.8211957896476,1955.8211957896476
Mercedes-benz - Outros,Minas Gerais,393.4628767118044,2283.6233179328124,2296.923583984375,1294.720703125,1986.499628500704,1986.499628500704
Mercedes-benz - Outros,Santa Catarina,375.77191780880094,1298.896955488696,1887.4114990234375,852.3809204101562,1999.7546518914567,1999.7546518914567
Mercedes-benz Atego,Esperito Santo,133.76,1834.4049043062203,1950.660400390625,921.6674194335938,2486.955208722349,2486.955208722349
Mercedes-benz Atego,Parana,590.8409589044005,2128.3172418035865,1483.1748046875,1154.6102294921875,2184.6508231439116,2184.6508231439116
Mercedes-benz Axor,Goias,221.49369863050057,2366.6452058957852,1974.29296875,1074.089599609375,2668.2003110690735,2668.2003110690735
Mercedes-benz Axor,Minas Gerais,505.1827397261001,2766.296015492707,1668.364501953125,1032.93798828125,2039.447706779441,2039.447706779441
Mercedes-benz Axor,Santa Catarina,349.8819178078696,2836.702754513358,2993.783203125,890.4688720703125,2053.0560290110348,2053.0560290110348
Mercedes-benz Axor,Sao Paulo,1695.5154794522002,3632.3496155810976,2030.8172607421875,1140.301025390625,1459.9902823550528,1459.9902823550528
Mercedes-benz Caminhoes - Outros,Amazonas,232.82013698616996,38.23552427739014,953.3659057617188,984.0750732421875,1307.5624103573516,1307.5624103573516
Mercedes-benz Caminhoes - Outros,Bahia,1468.5573972600698,1897.613266733277,1000.6264038085938,1001.7767944335938,1137.467324462275,1137.467324462275
Mercedes-benz Caminhoes - Outros,Mato Grosso do Sul,476.59931506933646,971.0253149077072,1216.192138671875,1480.5897216796875,1315.1636713311616,1315.1636713311616
Mercedes-benz Caminhoes - Outros,Rio Grande do Norte,427.69821917830035,1127.7975412820535,830.3872680664062,640.9705200195312,1048.3452490133193,1048.3452490133193
Mercedes-benz Caminhoes - Outros,Rio de Janeiro,3889.2602739728054,1073.6211273756467,878.681396484375,648.3248291015625,953.1525477091848,953.1525477091848
Mercedes-benz Caminhoes - Outros,Santa Catarina,3493.6602739728055,758.6742247797135,1427.2738037109375,1364.7578125,1163.0181625828984,1163.0181625828984
Mercedes-benz Classe A,Pernambuco,126.25273972610012,808.6557188500677,401.5635681152344,271.2703857421875,407.40350778242055,407.40350778242055
Mercedes-benz Classe A,Santa Catarina,644.6928767127357,552.7950018886253,498.7232666015625,360.6134338378906,471.5817733541328,471.5817733541328
Mercedes-benz Sprinter,Minas Gerais,885.5538356171362,1372.9543604231585,1609.5999755859375,1330.554931640625,1323.2059492259575,1323.2059492259575
Mercedes-benz Sprinter,Pernambuco,169.33369863050058,1746.1143434018306,1520.19775390625,989.2804565429688,1150.7564694278574,1150.7564694278574
Mitsubishi - Outros,Goias,1689.83287671227,1624.300271243545,2127.79931640625,2025.2991943359375,1983.711723762027,1983.711723762027
Mitsubishi - Outros,Mato Grosso do Sul,836.2791780822351,1778.993234546017,1708.302734375,1425.43603515625,1726.0534413704027,1726.0534413704027
Mitsubishi - Outros,Minas Gerais,3375.8247945215367,1373.9220138222165,1727.681884765625,1143.252685546875,1516.2565978102928,1516.2565978102928
Mitsubishi - Outros,Para,1265.0756164374388,2691.392479437909,2314.876708984375,1511.686767578125,1912.4291219311422,1912.4291219311422
Mitsubishi - Outros,Rio Grande do Norte,527.61,903.8172134720721,1557.2403564453125,1262.4014892578125,1375.874322145958,1375.874322145958
Mitsubishi - Outros,Rio Grande do Sul,1870.9184931506402,1064.9020827437953,1302.1171875,1587.531005859375,1340.4040333448932,1340.4040333448932
Mitsubishi Pajero,Distrito Federal,1462.2209589044005,923.6907676470423,832.8919677734375,1187.00146484375,998.8902448359538,998.8902448359538
Mitsubishi Pajero,Paraiba,336.1382191778347,893.1444949470858,793.8157348632812,682.3226318359375,931.9723320434931,931.9723320434931
Mitsubishi Pajero,Parana,2170.5128767127358,1077.6964399044123,919.2955322265625,958.7280883789062,1002.3261734041523,1002.3261734041523
Mitsubishi Pajero,Rio de Janeiro,3976.77027397234,843.6127231078107,766.6732177734375,475.17584228515625,809.5723682570006,809.5723682570006
Mitsubishi Pajero,Sergipe,142.80547945220025,420.30600107393303,1226.01171875,739.7006225585938,1095.2814101387166,1095.2814101387166
Nissan - Tiida,Bahia,239.4127397261001,719.6609511971462,640.6559448242188,564.144287109375,735.8395050682716,735.8395050682716
Nissan - Tiida,Distrito Federal,192.6427397261001,321.10216085978556,616.1170654296875,414.37744140625,760.7968023114138,760.7968023114138
Nissan - Tiida,Parana,448.66095890440045,1105.1329297979996,685.712890625,587.3702392578125,763.4137499502265,763.4137499502265
Nissan - Tiida,Pernambuco,133.05369863003492,811.9578870212099,559.48779296875,418.6566467285156,649.9776453056717,649.9776453056717
Nissan Frontier,Amazonas,113.82000000000001,166.9741697416974,1637.820068359375,1156.9100341796875,1453.6451151738581,1453.6451151738581
Nissan Frontier,Bahia,327.2809589039348,502.4520844436543,1448.243408203125,1496.9259033203125,1264.5467679225928,1264.5467679225928
Nissan Frontier,Distrito Federal,381.80369863003494,1220.6717789070083,1406.1727294921875,1269.6478271484375,1307.436106355122,1307.436106355122
Nissan Frontier,Esperito Santo,143.57369863003493,619.3404561453441,1289.4395751953125,1895.6990966796875,1493.4741306614742,1493.4741306614742
Nissan Frontier,Mato Grosso do Sul,241.5264383566007,1651.7612014423896,1465.859619140625,1426.1585693359375,1462.095599675566,1462.095599675566
Nissan Frontier,Minas Gerais,965.6428767132014,1080.0276428795637,1529.5108642578125,1439.473876953125,1284.3820744491854,1284.3820744491854
Nissan Frontier,Pernambuco,374.44369863003493,944.3903083261429,1476.745361328125,900.252197265625,1116.9923943088163,1116.9923943088163
Nissan Frontier,Santa Catarina,596.0693150688708,527.9302122164115,1052.9501953125,652.7066040039062,1292.9521814833051,1292.9521814833051
Nissan Frontier,Sergipe,153.22739725960417,1092.6897082010287,1183.5067138671875,1193.629638671875,1433.6014088015127,1433.6014088015127
Nissan Sentra,Distrito Federal,225.6582191778347,612.2267582512686,694.35205078125,506.1322021484375,772.9101543782997,772.9101543782997
Nissan Sentra,Goias,160.78191780880093,1451.9480995220565,924.84765625,535.6544189453125,993.3644891041023,993.3644891041023
Nissan Sentra,Sao Paulo,2717.914794521071,395.66030626412373,544.57421875,544.5608520507812,543.5508327137122,543.5508327137122
Nissan Xterra,Sao Paulo,184.67000000000002,603.3086045378242,587.4522705078125,227.2799835205078,359.16550581184725,359.16550581184725
Outros,Bahia,12316.80013698617,599.468118170398,602.257568359375,827.9768676757812,643.5856815001055,643.5856815001055
Outros,Parana,21441.557534246705,804.4520540287322,693.5245361328125,615.3704223632812,667.7028824141244,667.7028824141244
Outros,Pernambuco,12279.959315069336,332.44800697264765,485.6751708984375,247.04763793945312,568.4885126887458,568.4885126887458
Outros,Piaui,2214.908219177835,840.2140476460893,667.8480224609375,543.0848999023438,928.6998383359702,928.6998383359702
Outros,Sao Paulo,88508.29150685002,606.5856891593584,626.127197265625,911.1109008789062,467.9539356265547,467.9539356265547
Peugeot 206,Esperito Santo,1168.963698630035,416.1754557221459,606.5642700195312,601.9227294921875,642.8718597139737,642.8718597139737
Peugeot 206,Maranhao,252.85547945220023,606.3265875516938,620.983154296875,519.3518676757812,653.0948933800803,653.0948933800803
Peugeot 206,Minas Gerais,5377.17315068461,522.031171646874,597.6500244140625,649.95947265625,552.8673552709822,552.8673552709822
Peugeot 206,Para,508.31369863003493,678.8072029731683,774.011962890625,414.57196044921875,697.3223610780716,697.3223610780716
Peugeot 206,Pernambuco,1595.3491780817694,349.3630157318656,544.7849731445312,546.1952514648438,480.8138039174653,480.8138039174653
Peugeot 206,Rio Grande do Sul,7749.829589039814,461.8541554851745,488.7071228027344,585.4189453125,488.7468479808504,488.7468479808504
Peugeot 206,Rio de Janeiro,11622.563013698906,375.5779164075078,492.9912414550781,444.765625,456.12627547026005,456.12627547026005
Peugeot 206,Sergipe,230.86,398.10707788269946,616.4229125976562,466.3038024902344,617.0994092523077,617.0994092523077
Peugeot 207,Alagoas,307.81191780786963,362.13672554932543,565.5977172851562,583.43359375,642.8764463205688,642.8764463205688
Peugeot 207,Esperito Santo,556.294657533504,1056.5228194099675,680.6026611328125,709.0314331054688,720.5976887390411,720.5976887390411
Peugeot 207,Mato Grosso do Sul,318.02465753396973,643.5507283838165,671.0686645507812,713.18310546875,705.4576227410731,705.4576227410731
Peugeot 207,Paraiba,231.76821917783468,438.0842220740085,554.3994140625,638.2957153320312,588.5737411392012,588.5737411392012
Peugeot 207,Pernambuco,1039.786438356135,357.0512042712771,541.7899780273438,521.9117431640625,538.9461532363616,538.9461532363616
Peugeot 207,Rio de Janeiro,4078.101917808335,463.3636034813808,514.5276489257812,521.98583984375,511.27380194126766,511.27380194126766
Peugeot 207,Santa Catarina,3093.2347945201395,476.08283813723665,660.4178466796875,484.5027770996094,623.8463288375214,623.8463288375214
Peugeot 207,Sergipe,162.48191780786962,614.4314477999388,742.2271728515625,811.4495239257812,691.7092439343785,691.7092439343785
Peugeot 307,Alagoas,172.5982191778347,1016.5574177750979,786.5880126953125,507.2042236328125,851.968564408479,851.968564408479
Peugeot 307,Bahia,856.1519178083353,777.3853987313001,813.5560302734375,571.40087890625,808.5858045498192,808.5858045498192
Peugeot 307,Esperito Santo,498.8619178078696,656.7869550751892,886.0569458007812,737.3530883789062,954.9682243062547,954.9682243062547
Peugeot 307,Goias,542.5419178083353,600.1969420453823,1051.4676513671875,669.3627319335938,1074.4626139788272,1074.4626139788272
Peugeot 307,Mato Grosso do Sul,230.45821917830034,273.5550080391147,900.279541015625,566.6282958984375,934.9039329993267,934.9039329993267
Peugeot 307,Para,151.06547945220024,350.0005440801579,1084.716064453125,443.0323181152344,1035.852925999984,1035.852925999984
Peugeot 307,Rio Grande do Sul,3552.7165753432364,686.3936225378194,726.2330322265625,669.327880859375,726.0198163895561,726.0198163895561
Peugeot Boxer,Santa Catarina,153.6009589039348,959.4276041737968,1025.6759033203125,507.6112060546875,882.0780904910698,882.0780904910698
Peugeot Partner,Santa Catarina,123.63095890440047,503.2720004065694,555.8439331054688,222.05023193359375,531.9689717889297,531.9689717889297
Renault - Sandero,Bahia,1968.0182191778347,336.48265729808355,419.0834655761719,492.11724853515625,468.1653488764308,468.1653488764308
Renault - Sandero,Maranhao,314.2427397261001,796.8616879367215,459.6650390625,369.1993713378906,561.7123168304532,561.7123168304532
Renault - Sandero,Paraiba,407.65,631.3258923095793,379.1455078125,420.674560546875,451.6168033544273,451.6168033544273
Renault - Sandero,Parana,5613.391095890105,568.0352474165866,460.7545471191406,561.1832885742188,485.70899241044594,485.70899241044594
Renault - Sandero,Rio Grande do Norte,508.9128767118044,691.4857456029416,364.8820495605469,340.8480529785156,431.48397205984713,431.48397205984713
Renault Clio 1.0,Bahia,1759.3873972605354,313.58187563412497,414.59735107421875,452.4213562011719,415.1398864100887,415.1398864100887
Renault Clio 1.0,Ceara,469.35013698616996,383.50473519794434,379.45159912109375,294.1308898925781,391.6531799528143,391.6531799528143
Renault Clio 1.0,Paraiba,542.5282191783003,309.6023286206202,396.3011779785156,382.772705078125,400.4656664475387,400.4656664475387
Renault Clio 1.0,Piaui,375.29561643883585,726.8776613714028,539.2463989257812,375.9015808105469,599.0505327856633,599.0505327856633
Renault Clio 1.0,Sergipe,233.98917808223516,203.6675387750256,479.5335693359375,302.4937438964844,470.63907884159323,470.63907884159323
Renault Clio Acima De 1.0,Parana,1980.0638356171362,534.7539715405104,424.4157409667969,490.3688049316406,465.4218205927328,465.4218205927328
Renault Clio Acima De 1.0,Rio de Janeiro,2534.3664383556693,406.997182565769,316.9613037109375,170.3414764404297,375.91819462926,375.91819462926
Renault Kangoo,Santa Catarina,379.59383561667056,363.0986256035685,744.2547607421875,334.51702880859375,439.24332207052976,439.24332207052976
Renault Kangoo,Sao Paulo,2215.523835616205,270.3049230943782,512.565185546875,296.25439453125,312.3592209615617,312.3592209615617
Renault Logan,Amazonas,172.35547945220023,339.76871629567694,511.8539733886719,368.4112548828125,558.1371849610657,558.1371849610657
Renault Logan,Bahia,1382.6019178078695,325.4479790635792,479.76953125,685.18896484375,485.5315550766432,485.5315550766432
Renault Logan,Ceara,393.23,552.236604531699,434.55450439453125,345.9955749511719,458.0624115827697,458.0624115827697
Renault Logan,Pernambuco,1257.5873972600698,332.8118593680895,444.0856018066406,568.6436157226562,428.87702374859236,428.87702374859236
Renault Logan,Rio de Janeiro,5082.2127397261,335.10501964775784,415.7284851074219,533.3550415039062,406.85620479980116,406.85620479980116
Renault Logan,Sergipe,240.64821917830037,371.6753039162536,577.69384765625,331.4430847167969,550.4412640419425,550.4412640419425
Renault Master,Rio Grande do Sul,356.64,1729.6068864961867,942.5504760742188,836.0565185546875,989.8214343785727,989.8214343785727
Renault Master,Santa Catarina,324.0854794522002,1620.9735804515801,1166.1494140625,649.0272216796875,1127.1508928102792,1127.1508928102792
Renault Megane,Bahia,361.11,386.88488272271604,676.3538818359375,655.2866821289062,709.5583329632417,709.5583329632417
Renault Megane,Rio Grande do Norte,120.2982191778347,928.6338631069566,596.1716918945312,432.2933044433594,653.9634952691749,653.9634952691749
Renault Scenic,Minas Gerais,1455.471917808801,446.82964476504134,486.5846252441406,557.8779296875,507.5131440724198,507.5131440724198
Renault Scenic,Santa Catarina,3127.3583561644705,481.23010816252355,551.2562255859375,502.7522888183594,510.89955225457106,510.89955225457106
Scania Caminhoes - Outros,Santa Catarina,957.3664383561351,3777.3592797022093,5547.416015625,1652.699462890625,2443.1936745938615,2443.1936745938615
Scania Caminhoes - Outros,Sao Paulo,3027.1947945206052,3010.7094583067023,3737.973876953125,1457.492431640625,1737.428970478038,1737.428970478038
Ssangyong - Outros,Santa Catarina,103.55369863003493,2179.5068933881485,2947.313232421875,1781.158447265625,2834.0034903284786,2834.0034903284786
Sundown Motos Ate 450cc,Goias,368.0191780817695,0.0,26.6470947265625,16.75786590576172,80.52676815533864,80.52676815533864
Suzuki Grand Vitara,Sao Paulo,656.1209589044005,838.066506697462,399.58929443359375,576.0342407226562,741.640922894534,741.640922894534
Suzuki Motos Acima De 450cc,Minas Gerais,233.07095890440047,1564.5535664937586,991.0690307617188,640.4662475585938,1068.9946080205511,1068.9946080205511
Suzuki Motos Ate 450cc,Rio Grande do Sul,155.57547945220023,78.62421535238282,65.07182312011719,16.202829360961914,80.15021369273576,80.15021369273576
Toyota Band,Minas Gerais,167.2182191778347,0.0,19.96661949157715,14.801370620727539,123.57113439535559,123.57113439535559
Toyota Band,Parana,305.8419178078696,31.509742252054473,81.57707977294922,62.827083587646484,126.2218587934923,126.2218587934923
Toyota Band,Rio de Janeiro,165.9682191778347,0.5422724931666896,20.18988800048828,76.2515640258789,101.94857907601045,101.94857907601045
Toyota Camry,Rio Grande do Sul,101.59547945220024,531.854372766876,605.4967041015625,244.0633087158203,947.2461673756915,947.2461673756915
Toyota Corolla,Acre,228.4127397261001,1050.4405327291092,1141.7442626953125,1250.4447021484375,1168.9590765032094,1168.9590765032094
Toyota Corolla,Distrito Federal,4579.120273970943,472.6597840862334,646.0436401367188,661.8399047851562,652.9566042740454,652.9566042740454
Toyota Corolla,Maranhao,746.3301369871012,1070.8665781960951,711.0618896484375,597.539794921875,757.7281484756337,757.7281484756337
Toyota Corolla,Paraiba,1039.85013698617,1035.3934299806892,638.8345336914062,675.1221313476562,609.2135671105899,609.2135671105899
Toyota Corolla,Parana,7980.83589041071,642.9436803938512,639.9705200195312,539.13427734375,655.2026090398524,655.2026090398524
Toyota Corolla,Rio Grande do Norte,1133.7754794522002,686.162308233972,607.7582397460938,624.3572387695312,582.0551578620726,582.0551578620726
Toyota Corolla,Rio Grande do Sul,9724.654931506775,601.5217034640469,560.635498046875,690.28125,567.0496706491738,567.0496706491738
Toyota Corolla,Santa Catarina,5509.790547946077,693.8285524165833,629.2864990234375,499.5352478027344,645.7230772551014,645.7230772551014
Toyota Corolla,Tocantins,396.1293150684051,865.5128185622781,937.8333129882812,926.6676025390625,911.9040623924948,911.9040623924948
Toyota Hilux,Alagoas,481.83465753490105,1392.6540764689491,1456.28271484375,965.054443359375,1428.2082516817547,1428.2082516817547
Toyota Hilux,Amapa,113.01,1201.8582426333953,3102.80126953125,1849.66552734375,2401.534763312068,2401.534763312068
Toyota Hilux,Bahia,2656.442054793574,1658.7679720130063,1445.7923583984375,1296.2691650390625,1355.4830148605072,1355.4830148605072
Toyota Hilux,Ceara,3374.9654794522003,1341.4904619216634,1248.4427490234375,1011.0783081054688,1278.7960167665624,1278.7960167665624
Toyota Hilux,Mato Grosso,3046.3546575344353,1547.3713765865805,1783.5003662109375,1274.7664794921875,1816.1813708280176,1816.1813708280176
Toyota Hilux,Minas Gerais,4938.239589039814,1555.6918333915332,1521.5087890625,1255.10986328125,1376.7447204560365,1376.7447204560365
Toyota Hilux,Sao Paulo,11423.628767122049,1015.2319579378093,855.7679443359375,670.3418579101562,985.5775690976395,985.5775690976395
Toyota Hilux,Tocantins,604.5301369857043,1735.5859299778986,2065.2646484375,1598.140869140625,1957.2418347206603,1957.2418347206603
Toyota Land Cruiser,Rio de Janeiro,137.53,99.81822147895005,531.0068969726562,590.4606323242188,1048.2220332518057,1048.2220332518057
Toyota Rav4,Rio Grande do Sul,306.5264383566007,753.4521369126354,1025.0072021484375,371.9358215332031,1163.7975323242065,1163.7975323242065
Troller T4,Minas Gerais,161.6027397261001,533.1221496988362,202.90274047851562,430.8634948730469,741.2384078158963,741.2384078158963
Volkswagen Caminhoes - Todos,Esperito Santo,823.3209589044004,720.1092035710489,1090.798583984375,823.4528198242188,1157.6487104650107,1157.6487104650107
Volkswagen Caminhoes - Todos,Pernambuco,1211.8119178083352,943.1298563782278,500.1757507324219,871.1357421875,865.8233700359485,865.8233700359485
Volvo Caminhoes - Todos,Goias,483.7491780822352,2109.3555218951437,3070.174072265625,2565.1123046875,4285.855434172309,4285.855434172309
Volvo Caminhoes - Todos,Para,132.43,1980.9937325379444,2582.292724609375,1324.20263671875,4131.847710792288,4131.847710792288
Volvo Caminhoes - Todos,Sao Paulo,3405.57753424624,2726.550755819208,3192.164794921875,2579.184326171875,2345.141502124718,2345.141502124718
Vw Volkswagen - Outros,Bahia,154.62,621.213297115509,502.8728332519531,237.0821990966797,794.2869884015922,794.2869884015922
Vw Volkswagen - Outros,Distrito Federal,266.5327397261001,614.1459400755589,473.11212158203125,192.09893798828125,821.2266353345997,821.2266353345997
Vw Volkswagen - Outros,Goias,128.1727397261001,1054.834282928796,624.9572143554688,229.49578857421875,1055.4621031004783,1055.4621031004783
Vw Volkswagen - Outros,Minas Gerais,532.8019178083352,950.6441006884756,516.2057495117188,367.4797058105469,806.7459391376825,806.7459391376825
Vw Volkswagen - Outros,Rio Grande do Sul,965.4354794522002,494.30439439700297,623.3302001953125,347.6498107910156,713.1810751995547,713.1810751995547
Vw Volkswagen Bora,Esperito Santo,141.06643835613505,1028.6217025886183,877.1270141601562,717.8031005859375,952.4118110447987,952.4118110447987
Vw Volkswagen Bora,Goias,148.68273972610012,535.865831815943,1182.1964111328125,770.4917602539062,1071.5863188253318,1071.5863188253318
Vw Volkswagen Bora,Maranhao,111.79547945220023,1424.4225328277882,972.6137084960938,485.4939880371094,967.557190114028,967.557190114028
Vw Volkswagen Bora,Minas Gerais,543.7419178078696,824.4131734540922,951.9732055664062,713.7840576171875,819.0705366003422,819.0705366003422
Vw Volkswagen Bora,Parana,684.8819178083353,521.4314916399063,831.539794921875,429.49310302734375,836.6404186426572,836.6404186426572
Vw Volkswagen Bora,Rio de Janeiro,724.1009589044005,475.44060778609173,776.7088623046875,521.487060546875,675.7490556190018,675.7490556190018
Vw Volkswagen Bora,Santa Catarina,512.8391780822352,719.3249185436573,759.5227661132812,662.9401245117188,824.5358278923965,824.5358278923965
Vw Volkswagen Crossfox,Alagoas,379.5436986300349,560.7522948430209,399.6966247558594,395.5808410644531,474.64691785211306,474.64691785211306
Vw Volkswagen Crossfox,Ceara,948.26,326.13840086052346,383.8415832519531,297.8534851074219,424.9916545469309,424.9916545469309
Vw Volkswagen Crossfox,Distrito Federal,1722.3182191778346,425.5833746854864,418.5402526855469,166.3171844482422,465.756350932976,465.756350932976
Vw Volkswagen Crossfox,Parana,2838.4409589044003,402.87609168428537,448.88580322265625,580.9102172851562,467.3584344053736,467.3584344053736
Vw Volkswagen Crossfox,Rio Grande do Sul,2731.9654794522003,362.55875392635255,397.63104248046875,448.9219055175781,404.4786187482369,404.4786187482369
Vw Volkswagen Fox 1.0,Bahia,4824.0382191783,250.9443219556832,280.54010009765625,318.530517578125,284.9612378322877,284.9612378322877
Vw Volkswagen Fox 1.0,Ceara,2696.3127397261,258.9046847996253,266.74127197265625,250.56228637695312,268.83944090608935,268.83944090608935
Vw Volkswagen Fox 1.0,Esperito Santo,1875.6946575335041,268.68072475223653,324.7746276855469,225.59103393554688,336.5492267580929,336.5492267580929
Vw Volkswagen Fox 1.0,Goias,3690.7046575339696,447.421604605814,374.10198974609375,330.89642333984375,378.6613551228347,378.6613551228347
Vw Volkswagen Fox 1.0,Mato Grosso do Sul,1042.8409589044004,406.795491083976,314.0179748535156,296.9804992675781,329.47818339463316,329.47818339463316
Vw Volkswagen Fox 1.0,Parana,6710.150958903935,311.5317394202796,302.4712219238281,264.4010925292969,295.6396410706725,295.6396410706725
Vw Volkswagen Fox Acima De 1.0,Mato Grosso do Sul,251.91,471.3111825652019,350.4674987792969,317.6842041015625,364.95081869317534,364.95081869317534
Vw Volkswagen Fox Acima De 1.0,Parana,2400.2831506841444,204.9974811762321,333.7317199707031,448.8082275390625,327.4691147537021,327.4691147537021
Vw Volkswagen Fox Acima De 1.0,Rio Grande do Norte,142.35369863003493,745.1580185189458,282.9447326660156,369.18109130859375,290.9101469578028,290.9101469578028
Vw Volkswagen Fox Acima De 1.0,Rio Grande do Sul,1634.91356164312,275.9748347469454,278.76177978515625,252.74473571777344,283.41043076885654,283.41043076885654
Vw Volkswagen Fusca,Parana,221.11821917830034,54.20629762912028,74.41332244873047,32.59440612792969,42.42238653419864,42.42238653419864
Vw Volkswagen Fusca,Santa Catarina,318.17821917830037,0.09742967347060376,65.87958526611328,23.538860321044922,41.808615532698475,41.808615532698475
Vw Volkswagen Fusca,Sao Paulo,376.68547945220024,12.323278313649597,56.2072639465332,34.86280059814453,29.731371932339112,29.731371932339112
Vw Volkswagen Gol 1.0,Acre,196.5409589039348,282.35844736630605,692.8663330078125,684.3240966796875,715.8485763047174,715.8485763047174
Vw Volkswagen Gol 1.0,Alagoas,2912.2656164379046,429.7499489523934,397.1121520996094,494.7298889160156,407.4910331920315,407.4910331920315
Vw Volkswagen Gol 1.0,Esperito Santo,6486.114657534901,485.6768907624031,436.3490905761719,364.4640197753906,456.75510182502524,456.75510182502524
Vw Volkswagen Gol 1.0,Maranhao,1861.4209589044005,573.9158543851263,439.94598388671875,382.0030212402344,464.0184820967962,464.0184820967962
Vw Volkswagen Gol 1.0,Mato Grosso,5003.379315068405,599.678699347019,520.2887573242188,508.8273620605469,518.1860715279911,518.1860715279911
Vw Volkswagen Gol 1.0,Minas Gerais,40958.51506849295,413.37406816840877,414.560302734375,309.8273010253906,392.8076510688821,392.8076510688821
Vw Volkswagen Gol 1.0,Para,2978.0991780827007,538.1174044820535,535.8065795898438,632.0136108398438,495.44172952412475,495.44172952412475
Vw Volkswagen Gol 1.0,Rondonia,165.73369863050058,484.89233429326544,293.56817626953125,295.4517517089844,571.1423282075607,571.1423282075607
Vw Volkswagen Gol 1.0,Roraima,202.67821917783468,447.9859768273006,476.0697021484375,348.8542175292969,413.3673210910982,413.3673210910982
Vw Volkswagen Gol 1.0,Sergipe,1893.4782191783004,409.549469407959,437.0116271972656,438.13665771484375,438.44399043163475,438.44399043163475
Vw Volkswagen Gol Acima De 1.0,Alagoas,506.7546575344354,462.8373839545066,405.6966857910156,430.3948059082031,407.1584314119113,407.1584314119113
Vw Volkswagen Gol Acima De 1.0,Amazonas,199.49109589057042,556.6363726875935,442.6544189453125,389.35955810546875,444.2111668290014,444.2111668290014
Vw Volkswagen Gol Acima De 1.0,Bahia,2106.3183561644705,427.68701006831947,399.41131591796875,219.7099609375,386.4256753076583,386.4256753076583
Vw Volkswagen Gol Acima De 1.0,Esperito Santo,1554.1854794522003,546.5531696380291,431.1365051269531,478.01287841796875,456.38228979341824,456.38228979341824
Vw Volkswagen Gol Acima De 1.0,Mato Grosso,1115.0291780822351,670.3232656974254,526.2891845703125,415.5011291503906,517.7631183933574,517.7631183933574
Vw Volkswagen Gol Acima De 1.0,Piaui,293.3582191783004,743.3948863299188,531.8616943359375,371.3531799316406,557.6156718567885,557.6156718567885
Vw Volkswagen Gol Acima De 1.0,Sergipe,488.31369863003493,425.4539665441643,422.894287109375,384.1286926269531,438.08612427060973,438.08612427060973
Vw Volkswagen Gol Acima De 1.0,Tocantins,279.92547945220025,436.77696020836083,570.0195922851562,528.9603881835938,557.9771117974245,557.9771117974245
Vw Volkswagen Golf,Alagoas,307.7436986305006,668.5140944088528,763.7952880859375,827.7130737304688,749.9003612498008,749.9003612498008
Vw Volkswagen Golf,Ceara,571.9382191778346,547.421014196377,677.365478515625,680.2551879882812,671.4494148936881,671.4494148936881
Vw Volkswagen Golf,Minas Gerais,3418.9712328767405,552.8943858382413,806.215087890625,666.9656982421875,722.8787272465573,722.8787272465573
Vw Volkswagen Golf,Parana,3769.165616438836,555.7601371677462,737.2460327148438,495.8332214355469,738.3851987909214,738.3851987909214
Vw Volkswagen Golf,Pernambuco,599.3664383566007,741.0191355021317,737.5266723632812,434.0442199707031,628.6681014980074,628.6681014980074
Vw Volkswagen Golf,Rio de Janeiro,2134.30191780787,494.8362699710009,662.0233764648438,599.5247802734375,596.3889499571617,596.3889499571617
Vw Volkswagen Golf,Santa Catarina,3351.8613698619793,518.3299093516927,724.765625,671.2936401367188,727.7021736247294,727.7021736247294
Vw Volkswagen Golf,Tocantins,151.7182191778347,995.7208884908297,1099.1494140625,1423.5892333984375,1027.6767111392514,1027.6767111392514
Vw Volkswagen Kombi,Mato Grosso do Sul,231.40547945220024,203.8542912279836,280.64434814453125,295.958984375,308.550274011183,308.550274011183
Vw Volkswagen Kombi,Parana,3743.5456164383704,182.61190594236592,276.42822265625,476.7314453125,276.86109994015965,276.86109994015965
Vw Volkswagen Kombi,Rio Grande do Norte,208.19,74.58571497190067,213.79959106445312,220.50721740722656,245.95205972651263,245.95205972651263
Vw Volkswagen Kombi,Rio Grande do Sul,2172.1056164383704,167.81182150695028,229.4362335205078,376.09075927734375,239.61137115540149,239.61137115540149
Vw Volkswagen Logus,Minas Gerais,104.33,144.37841464583533,49.97768020629883,69.09764099121094,122.91936113526228,122.91936113526228
Vw Volkswagen Parati 1.0,Parana,364.94191780786963,246.3542706741957,260.49017333984375,205.42416381835938,287.1105226388039,287.1105226388039
Vw Volkswagen Parati Acima De 1.0,Esperito Santo,433.1209589039348,879.7380781670097,408.169189453125,442.66705322265625,427.45037118568496,427.45037118568496
Vw Volkswagen Parati Acima De 1.0,Parana,4024.7884931511057,346.56603753802074,380.7505187988281,329.0015563964844,375.49120385795925,375.49120385795925
Vw Volkswagen Parati Acima De 1.0,Rio Grande do Norte,174.13821917783469,682.9517412174032,343.8264465332031,206.59097290039062,333.5710037199662,333.5710037199662
Vw Volkswagen Parati Acima De 1.0,Rio Grande do Sul,4014.4857534240746,364.85146291793944,317.80853271484375,404.2577819824219,324.97148293004835,324.97148293004835
Vw Volkswagen Parati Acima De 1.0,Tocantins,105.62273972610012,192.7709890199776,531.9439086914062,486.8744812011719,522.6046866518114,522.6046866518114
Vw Volkswagen Passat,Parana,286.46739726006984,1313.5281836571123,865.8301391601562,727.1787109375,929.9051319200092,929.9051319200092
Vw Volkswagen Polo,Amazonas,278.55821917830036,301.4809623917284,465.9052734375,478.2804870605469,497.6461656220149,497.6461656220149
Vw Volkswagen Polo,Distrito Federal,4074.781917808335,403.4952135265012,433.2034912109375,397.496337890625,447.59244077643143,447.59244077643143
Vw Volkswagen Polo,Mato Grosso do Sul,757.526438356135,659.2324369347281,477.16900634765625,578.841552734375,500.53913527879405,500.53913527879405
Vw Volkswagen Polo,Sergipe,775.6946575339697,452.4228658679802,492.6667175292969,273.1830749511719,490.7843301458517,490.7843301458517
Vw Volkswagen Polo,Tocantins,229.67,664.9410023076589,614.2272338867188,539.6437377929688,625.0972306099762,625.0972306099762
Vw Volkswagen Santana,Rio Grande do Sul,1685.2601369871013,203.15617303574805,264.1772766113281,302.7394714355469,277.20590746191033,277.20590746191033
Vw Volkswagen Saveiro,Ceara,506.63547945220023,514.2277052560429,453.2510681152344,523.3904418945312,444.03720203427014,444.03720203427014
Vw Volkswagen Saveiro,Esperito Santo,616.09287671227,727.2799555662777,532.7237548828125,735.0640869140625,555.8722205818863,555.8722205818863
Vw Volkswagen Saveiro,Maranhao,180.5582191778347,490.7004533132686,551.322998046875,495.07806396484375,564.7117744357296,564.7117744357296
Vw Volkswagen Saveiro,Mato Grosso,367.62821917830036,830.5700815962364,648.662353515625,517.346435546875,630.6338803966192,630.6338803966192
Vw Volkswagen Saveiro,Minas Gerais,4590.586712327544,460.6504859871857,527.0353393554688,566.6784057617188,478.0479963743472,478.0479963743472
Vw Volkswagen Saveiro,Paraiba,204.01369863003492,277.71664540401997,490.22174072265625,370.8970031738281,454.0283678063791,454.0283678063791
Vw Volkswagen Saveiro,Parana,4910.216712329872,408.56119343215397,496.63360595703125,755.7072143554688,488.30260392222027,488.30260392222027
Vw Volkswagen Saveiro,Piaui,134.4209589039348,354.61731852446,664.2321166992188,448.4829406738281,679.1741675309058,679.1741675309058
Vw Volkswagen Saveiro,Rio Grande do Sul,3355.626712330338,330.7188478152605,424.516845703125,525.3148803710938,422.604896425843,422.604896425843
Vw Volkswagen Saveiro,Rio de Janeiro,2422.6801369866357,388.1998228498243,432.9795227050781,394.33319091796875,394.3988553554157,394.3988553554157
Vw Volkswagen Saveiro,Sergipe,173.11369863050058,287.111883075687,532.01806640625,428.5686950683594,533.5875474367016,533.5875474367016
Vw Volkswagen Spacefox,Alagoas,236.58821917783467,361.4381151232377,329.33917236328125,377.0783386230469,431.31787659624416,431.31787659624416
Vw Volkswagen Spacefox,Goias,1249.243698630035,515.3998380828975,486.98394775390625,439.4910583496094,543.9577849508569,543.9577849508569
Vw Volkswagen Spacefox,Parana,3002.9701369866357,416.1203551807286,453.0636291503906,606.30908203125,424.6947361404285,424.6947361404285
Vw Volkswagen Spacefox,Piaui,130.47273972610012,407.916627731803,432.1092834472656,322.67578125,590.7027559469618,590.7027559469618
Vw Volkswagen Spacefox,Rio Grande do Sul,3602.679178082235,386.10765245559935,425.3050842285156,342.40765380859375,367.55502333511004,367.55502333511004
Vw Volkswagen Spacefox,Sao Paulo,24085.8454794522,384.8574885157332,397.36785888671875,346.41973876953125,297.64372515248965,297.64372515248965
Vw Volkswagen Voyage,Esperito Santo,927.8654794522002,350.54758173785046,492.5164489746094,387.6779479980469,520.36445913868,520.36445913868
Vw Volkswagen Voyage,Goias,1760.2228767127358,768.8100284932564,588.6985473632812,476.97650146484375,585.4772365792561,585.4772365792561
Vw Volkswagen Voyage,Pernambuco,1116.973698630035,477.8930789997086,423.74737548828125,345.99920654296875,389.18862482679106,389.18862482679106
Vw Volkswagen Voyage,Piaui,190.4801369866356,615.2190031668342,586.4666748046875,493.8752136230469,635.7901785022209,635.7901785022209
Vw Volkswagen Voyage,Rio Grande do Norte,399.31821917830035,495.86267415358657,411.59765625,325.1414794921875,406.07870909927055,406.07870909927055
Yamaha Motos Acima De 450cc,Rio de Janeiro,426.54273972610014,746.1761046604088,539.2319946289062,531.6177368164062,723.7322419639854,723.7322419639854
Yamaha Motos Ate 450cc,Bahia,251.78739725960418,34.81508643961976,92.31658172607422,91.586669921875,108.74936095712415,108.74936095712415
Yamaha Motos Ate 450cc,Sao Paulo,3073.96287671227,65.64815779943102,90.10971069335938,104.8343276977539,79.07213121668975,79.07213121668975
