"","Acre","Alagoas","Amapa","Amazonas","Bahia","Blumenau e demais regioes","Brasilia","Ceara","Demais regioes","Espirito Santo","F.Iguatu-Medianeira-Cascavel-Toledo","Goias","Grande Campinas","Interior","Litoral Norte e Baixada Santista","Maranhao","Mato Grosso","Mato Grosso do Sul","Met. Curitiba","Met. de Sao Paulo","Met. do Rio de Janeiro","Met. Florianopolis e Sul","Met. Porto Alegre e Caxias do Sul","Met.BH-Centro Oeste-Zona Mata-C. Vertentes","Oeste","Para","Paraiba","Pernambuco","Piaui","Ribeirao Preto e Demais Mun. de Campinas","Rio Grande do Norte","Rondonia","Roraima","Sergipe","Sudeste de Goias","Sul","Tocantins","Triangulo mineiro","Vale do Aco-Norte-Vale Jequitinhonha","Vale do Paraiba e Ribeira"
"Honda - Accord Coupe Ex",NA,NA,NA,NA,1762.71428571429,NA,NA,NA,644.6,NA,NA,1105.3,1757.58928571429,NA,NA,NA,NA,NA,NA,836.725879170424,1270.37962962963,130.421052631579,NA,300.370967741935,NA,NA,NA,NA,NA,477.878504672897,NA,NA,NA,NA,NA,NA,NA,NA,NA,NA
"Honda - Accord Seda Ex 2.4/ 2.3/ 2.2 16v 158cv",NA,NA,NA,241.344827586207,1214.86363636364,644.121951219512,1120.64473684211,849.217647058824,NA,1172.72180451128,1564.16,1751.22632794457,1409.80626959248,NA,1631.28813559322,NA,NA,1591.41071428571,911.182748538012,NA,1161.67259672208,NA,1671.25899280576,923.11,NA,1632.42062817971,NA,938.643923240938,924.179245283019,1278.87057877814,161.86,NA,NA,1335.09090909091,NA,NA,1969.37837837838,943.260869565217,2990.36,967.783783783784
"Honda - Accord Seda Ex 2.7/ 3.0 24v",NA,NA,NA,1774.32608695652,NA,1963.47347121867,1834.78273809524,NA,1286.16051779935,2207.57400722022,3011.36,1657.02919708029,1638.72375215146,2154.02555910543,2325.43103448276,1331.66666666667,1484.69473684211,1824.77108433735,1508.93550531915,NA,NA,1445.83480453972,1694.10687830688,1737.96590909091,2632.88333333333,2217.32704402516,1050.86046511628,NA,NA,NA,NA,NA,NA,NA,NA,NA,NA,NA,2601.70491803279,1624.6171875
"Honda - Accord Seda Ex 3.5 V6 24v",NA,3645.73630136986,NA,NA,3271.01089918256,NA,NA,2822.54938271605,2162.25283347864,NA,2782.8864142539,NA,2409.17160446325,2726.92768959436,2606.87547169811,3043.1221719457,NA,3376.14731369151,2838.0658938377,NA,3303.06547821874,2431.16666666667,3003.30643044619,2746.97604485219,2913.13580246914,4343.99671052632,4094.515625,2389.05092592593,3210.14155251142,NA,2199.17333333333,NA,NA,3101.61940298507,3496,3218.61879895561,NA,NA,2705.97852760736,2859.85450597177
"Honda - Accord Seda Exr",NA,1537.34,NA,NA,841.116071428571,1181.92857142857,1283.85834609495,1583.6,1050.28571428571,1016.78787878788,NA,1379.27125506073,1326.2729528536,1464.26031746032,NA,NA,NA,1595.13888888889,1034.96966161027,1123.98777921658,1475.98568507157,753.75,NA,929.73182552504,NA,NA,NA,1357.26569037657,NA,1251.16658124039,NA,NA,NA,NA,NA,1348.3,2392.92857142857,NA,280.8,1384.6106557377
"Honda - Accord Seda Lx  2.2/ 2.4 16v 158cv",NA,NA,NA,1254.34,NA,1011.07711442786,1238.7191011236,NA,NA,1099.32786885246,1082.15,1103.73650793651,NA,NA,933.36231884058,2194.04761904762,1340.48,1110,NA,1201.85474214893,1520.5481444333,NA,1342.79316239316,724.339805825243,1373.06293706294,NA,NA,278.989528795812,NA,1018.11578006258,NA,NA,NA,NA,NA,1233.272,815.42,NA,NA,1679.0796460177
"Honda - Accord Seda Lx 2.0 16v 150cv/ 156cv Aut.",1408.63636363636,NA,3297.18947368421,1957.87756849315,1954.25225841132,NA,NA,1781.42841993637,NA,1886.74797558785,1599.62695920482,NA,NA,1885.33584730036,1446.16077953715,1962.64721141375,2004.99899598394,2073.84808013356,1486.95949800342,1517.31146739662,1891.79157128602,1399.513896172,1570.12681992337,NA,1512.19295302013,2205.28563474388,1525.1135371179,1654.37779252378,2482.69230769231,1588.75833742891,1720.92833333333,1435.82608695652,NA,2336.79907834101,NA,1884.56921675774,NA,1670.61342592593,1896.83090024331,1630.95030560723
"Honda - Accord Sw Ex",NA,NA,NA,NA,NA,NA,1173.48,NA,110.65,NA,1732.15384615385,NA,NA,NA,NA,NA,NA,NA,NA,932.476070528967,1097.74149659864,NA,673.543859649123,309.307692307692,NA,NA,NA,NA,NA,959.5,NA,NA,NA,NA,NA,NA,NA,NA,NA,NA
"Honda - Accord Sw Lx",NA,NA,NA,NA,NA,NA,NA,NA,NA,NA,NA,NA,NA,NA,NA,NA,NA,NA,134,NA,613.72,NA,NA,1190.46,NA,NA,NA,NA,NA,703.31,NA,NA,NA,NA,NA,NA,NA,NA,NA,NA
"Honda - Biz 125 Es/ Es Fuel Injection",239.175226586103,330.902638899331,NA,108.565831339167,367.682706690667,287.320579346525,407.716141001855,333.388732099927,298.415329850677,350.563893911995,287.976165803109,309.479289087566,395.32555089192,244.532622879513,NA,NA,NA,287.024506424318,262.831454643049,455.279501981285,396.304680330376,206.564218586843,317.062013647791,317.270451659713,209.546080964686,NA,NA,338.489996127533,288.526785714286,311.617909513124,330.795462686567,442.5,433.848828696925,NA,NA,NA,324.284857861149,325.295590291015,304.556571428571,375.782011948975
"Honda - Biz 125 Ks/ Ks Fuel Injection",NA,399.602015745629,110.204545454545,85.5415549597855,453.008487084871,287.905282331512,NA,312.213004484305,306.130220682108,NA,217.513400335008,308.509153525467,368.189966350566,93.0821114369502,360.008020164986,NA,NA,258.696473551637,219.873083778966,490.200509544649,155.095367847411,159.6973643886,312.913540885221,255.694362017804,NA,405.56146025878,313.361253196931,329.380668257757,269.04347826087,294.284183006536,334.535141242938,NA,389.045454545455,367.446455505279,377.289699570815,174.920779220779,204.114649681529,343.837630279759,82.6323529411765,374.853128512552
"Honda - Biz 125+",283.44847485573,NA,530.178391959799,205.716307692308,406.462713590585,NA,358.794227188082,366.118279569892,304.855270197967,NA,NA,NA,402.718796835566,NA,462.3260670194,370.380042462845,370.244770857814,337.504461846658,NA,500.575633337413,445.621800947867,256.410884353741,331.255744255744,379.291031692515,262.299556213018,NA,321.998449202576,354.750690607735,NA,NA,402.124151967436,NA,324.666666666667,NA,NA,NA,398.101918465228,352.297669256382,345.273680807284,NA
"Honda - C 100 Biz",NA,NA,NA,265.65306122449,NA,NA,NA,386.6,NA,300.083333333333,16.08,470.296650717703,282.797101449275,NA,NA,356.265306122449,NA,NA,211.638418079096,NA,NA,NA,NA,NA,150,474.88,293.166666666667,NA,NA,NA,574.545454545455,NA,NA,NA,NA,136.86,NA,352.985106382979,NA,384.975
"Honda - C 100 Biz-es",NA,NA,NA,284.9,270.661538461538,299.087786259542,502.76,NA,NA,360.45,NA,NA,331.452307692308,NA,395.31884057971,267.813953488372,NA,499.512942707039,353.876865671642,NA,NA,260.462025316456,408.951690821256,349.892733564014,140.494117647059,420.946188340807,106.666666666667,276.544109256288,NA,299.525,279.5,NA,279.33734939759,264.076923076923,178.533333333333,260.875,454.52,NA,185.439393939394,NA
"Honda - C 100 Biz+",NA,276.5625,NA,NA,317.813765182186,NA,NA,NA,281.651122625216,NA,NA,214.012779552716,309.68,415.24,392.546871572118,NA,376.144329896907,302.738461538461,345.859550561798,203.33,487.490566037736,374.966850828729,NA,336.842975206612,270.309523809524,345.049217002237,NA,NA,NA,NA,610.625,NA,NA,NA,NA,NA,NA,264.060344827586,NA,234.95652173913
"Honda - C 100 Dream",NA,NA,NA,NA,NA,NA,NA,NA,NA,NA,NA,143.764705882353,269.37,NA,NA,NA,NA,NA,228.064516129032,NA,NA,NA,NA,NA,NA,NA,NA,NA,NA,NA,NA,NA,NA,NA,NA,NA,NA,NA,NA,NA
"Honda - Cb 450 Dx",NA,NA,NA,NA,NA,NA,NA,NA,NA,NA,NA,NA,NA,NA,NA,NA,NA,NA,53.5,1063.48611111111,1051.88571428571,NA,677.871794871795,NA,52.86,NA,NA,NA,NA,719.782470710612,NA,NA,NA,NA,NA,NA,NA,NA,NA,NA
"Honda - Cb 500",NA,NA,NA,NA,830.233333333333,346.43,1070.02909090909,209.76,767.689243027888,NA,293.1,NA,1222.76788830716,1327.70083102493,680.604062543906,NA,NA,NA,1149.9701986755,1540.42558063461,1427.00843373494,817.405333333333,NA,1142.64893617021,NA,NA,NA,1987.546875,NA,1204.4,222.4,NA,NA,NA,NA,1355.5,NA,1026.54545454545,NA,1137.97120158888
"Honda - Cb 600f Hornet",2453.26872246696,2357.24046920821,817.240601503759,3304.78048780488,2542.08434712084,NA,NA,NA,NA,2151.62722222222,1535.20403825717,2144.32559791617,NA,2479.66401845208,2064.78035470668,2420.43272727273,2678.26047565119,2010.09132841328,1852.10510046368,2197.94852093738,2728.99577476233,1487.28597957289,1745.38427561837,1948.45638289879,1768.43454038997,2885.02425373134,1948.27853881279,2428.10767832803,NA,1727.665815937,NA,NA,5121.875,2147.37251908397,1699.92789373814,2108.8627918676,2269.2783972962,1671.67037516171,2038.74642857143,NA
"Honda - Cb1300 Super Four",NA,NA,NA,2131.5,2237.66871794872,1591.25225225225,1897.94829760404,1700.64457831325,NA,1304.79820627803,1993.81333333333,2496.04373177843,2332.26058201058,NA,1118.26651818857,NA,2475.48888888889,NA,1551.15212981744,2786.88943488944,2557.11843711844,932.23,NA,NA,NA,2004.12962962963,1869.01694915254,539.93,NA,2095.32948310713,1405.62,1907.5625,NA,976.22,1848.66336633663,NA,NA,1961.89243027888,NA,2267.02830188679
"Honda - Cbr 1000 F",NA,NA,NA,NA,NA,NA,NA,NA,NA,NA,NA,NA,NA,NA,NA,NA,NA,NA,NA,2357.94623655914,NA,NA,NA,NA,NA,NA,NA,NA,NA,NA,NA,NA,NA,NA,NA,872.74,NA,NA,NA,NA
"Honda - Cbr 1000 Rr Fire Blade",NA,NA,NA,NA,NA,3503.19085487077,NA,6015.57894736842,NA,NA,2644.78604651163,3694.67298578199,NA,4525.65652173913,2323.22017045455,2112.75,NA,3979.68632371393,3466.53887113951,5753.95482877188,5797.28368560106,3617.10970464135,3695.06564551422,4048.13370696557,4842.38378378378,NA,NA,5905.91509433962,NA,4235.20552243489,4002.69863013699,NA,NA,NA,NA,5198.16781609195,NA,2503.13949275362,NA,NA
"Honda - Cbr 1100 Xx Super Blackbird",NA,NA,NA,NA,5438.88888888889,NA,NA,NA,1895.29,NA,NA,NA,951.16,3350.92857142857,6026,NA,3009.63829787234,NA,2777.59,2743.44871794872,NA,NA,683.752173913044,NA,NA,NA,NA,NA,NA,3084.07920792079,NA,NA,NA,NA,NA,3825.78,NA,NA,NA,788.301587301587
"Honda - Cbr 450",NA,NA,NA,NA,NA,NA,NA,NA,NA,NA,NA,NA,NA,NA,NA,NA,NA,NA,NA,1937.36842105263,NA,NA,NA,NA,NA,NA,NA,NA,NA,NA,NA,NA,NA,NA,NA,NA,NA,NA,NA,NA
"Honda - Cbr 450 Sr",NA,NA,NA,NA,NA,NA,NA,NA,NA,NA,NA,NA,2032.26,NA,NA,NA,NA,NA,67.6666666666667,1123.52,NA,534.697674418605,NA,NA,NA,NA,NA,NA,NA,45.6222222222222,NA,NA,NA,NA,NA,NA,NA,NA,NA,NA
"Honda - Cbr 600 F",NA,NA,NA,NA,NA,NA,NA,NA,NA,NA,NA,NA,NA,NA,NA,NA,NA,NA,NA,1897.95652173913,NA,NA,113.26,598.1875,NA,NA,NA,NA,NA,2588.63888888889,NA,NA,NA,1021.54,NA,3671.76595744681,NA,1413.10204081633,NA,NA
"Honda - Cbr 600 Rr",5046.875,2616.2,NA,1634.05970149254,NA,NA,3336.792782305,2600.37158469945,3238.61725394897,NA,3496.5141955836,3470.17931034483,4120.62943722944,4015.787109375,NA,2647.95918367347,3293.4858490566,2389.89830508475,3617.23544303798,4598.71731225296,NA,NA,3027.01582014988,2925.14123124677,NA,3131.61403508772,3060.05594405594,NA,NA,NA,NA,NA,NA,2637.0985915493,NA,2854.74080882353,NA,2699.52716049383,2649.69565217391,4446.42067988669
"Honda - Cbr 900 Rr Fire Blade",NA,NA,NA,NA,NA,57.4390243902439,NA,NA,440.909090909091,312.68,68.0430107526882,NA,2798.13333333333,NA,1361.67502420985,NA,NA,NA,NA,2807.08114035088,NA,NA,48.7798742138365,NA,NA,NA,NA,NA,NA,4999.64383561644,NA,NA,NA,NA,NA,NA,NA,915.25,NA,2404.89380530973
"Honda - Cbx 150 Aero",NA,NA,NA,NA,NA,NA,NA,NA,186.208955223881,NA,NA,NA,NA,NA,NA,NA,NA,NA,NA,NA,NA,NA,NA,NA,NA,NA,NA,NA,NA,NA,NA,NA,NA,NA,NA,NA,NA,NA,NA,NA
"Honda - Cbx 200 Strada",NA,254.673913043478,NA,NA,27.5647058823529,NA,NA,NA,NA,681.28,168,NA,352.111111111111,NA,NA,NA,NA,NA,NA,NA,29,NA,NA,NA,NA,NA,NA,356.04,NA,NA,NA,NA,NA,NA,164,NA,NA,374.091954022989,NA,315.06043956044
"Honda - Cbx 250 Twister",491.266094420601,715.533042007305,600.537190082645,963.950289017341,897.836553762219,435.91131025958,NA,567.643488745981,528.606877242104,551.487348178138,NA,NA,614.6274516539,671.155145326001,785.532177844762,NA,827.272988505747,463.463440860215,NA,NA,738.957178185604,323.439156300703,NA,NA,122.32181425486,NA,NA,596.166064295225,321.456868570716,492.420711320543,548.940520446097,NA,637.46,NA,484.865800865801,424.466806722689,720.023255813953,475.759517066459,180.124309392265,NA
"Honda - Cbx 750 Four",NA,NA,NA,NA,NA,NA,NA,NA,NA,NA,NA,NA,NA,NA,1198.68,NA,NA,NA,NA,725.023474178404,NA,NA,NA,NA,NA,NA,NA,NA,NA,NA,NA,NA,NA,NA,NA,NA,NA,NA,NA,NA
"Honda - Cbx 750 Four Indy",NA,NA,NA,NA,NA,NA,NA,NA,63.8333333333333,NA,NA,NA,NA,NA,NA,NA,NA,NA,41.12,2123.36,1543.38,NA,NA,NA,NA,NA,NA,NA,NA,2592.58,NA,NA,NA,NA,NA,NA,NA,NA,NA,NA
"Honda - Cbx 750 R",NA,NA,NA,NA,NA,NA,NA,NA,NA,NA,NA,NA,NA,NA,NA,NA,NA,NA,NA,1565.4,NA,NA,NA,NA,NA,NA,NA,NA,NA,NA,NA,NA,NA,NA,NA,NA,NA,NA,NA,NA
"Honda - Cg 125",NA,NA,NA,NA,NA,28.5,NA,NA,51.7555555555556,NA,NA,NA,NA,NA,NA,NA,NA,NA,NA,60.32,NA,NA,NA,NA,NA,NA,NA,NA,NA,NA,NA,NA,NA,NA,NA,NA,NA,NA,NA,NA
"Honda - Cg 125 Cargo",472.760416666667,NA,NA,NA,659.086170212766,335.24898511502,318.345029239766,NA,NA,483.131034482759,NA,397.981294964029,520.802739726027,372.799019607843,442.310580204778,556.56015037594,531.12582781457,764.961538461539,40.0672268907563,NA,448.110834371108,467.510556621881,742.386156648452,348.929850274122,412.033333333333,568.503886010363,388.890909090909,47.5959260251943,NA,528.28544,NA,NA,NA,467.337662337662,NA,369.480122324159,234.681034482759,NA,136.573498964803,472.595113438045
"Honda - Cg 125 Fan / Fan Ks",161.451743304699,380.716828759986,358.042668269231,NA,532.702504038772,261.337698690393,NA,387.402095188826,NA,NA,189.292952948691,333.196791144554,426.297624561635,279.284931935534,433.387715930902,330.347200821777,361.901726473755,297.804005722461,301.186965990953,NA,NA,177.894193548387,504.356560765324,297.885599179051,210.950020652623,524.319121132924,289.557805518122,330.214919665535,253.559309309309,NA,NA,NA,404.261153846154,NA,273.585062240664,132.020874231122,NA,374.935258964143,204.113066386129,514.829491423413
"Honda - Cg 125 Fan Es",397.15,482.990825688073,527.161971830986,NA,NA,NA,NA,406.528380634391,457.887218045113,477.470052539405,629.735655737705,509.392617449664,NA,NA,586.175708113298,NA,427.734386314337,417.105995879065,436.05985915493,833.19969768223,389.107697618226,NA,NA,430.825475974615,NA,544.392249901147,NA,446.604693140794,NA,383.869938065746,404.805019305019,NA,396.6,488.530158730159,NA,338.4,NA,480.237089201878,NA,NA
"Honda - Cg 125 Titan",NA,NA,NA,NA,114,56.1774193548387,613.5,NA,NA,NA,186.231481481481,217.162303664921,580.43,NA,196.06,NA,NA,271.888059701493,NA,270.578723404255,NA,NA,651.666666666667,495.036036036036,NA,NA,NA,18.96,NA,326.575572519084,NA,NA,NA,NA,NA,230.756972111554,NA,NA,69.66,NA
"Honda - Cg 125 Titan-es",193.734636871508,395.572479506814,NA,NA,443.50406504065,388.304347826087,NA,507.324503311258,NA,NA,22.12,446.585677749361,NA,NA,NA,NA,512.357894736842,NA,359.113043478261,NA,403.21676300578,NA,510.26,351.663461538462,435.5,NA,331.8,336.502512562814,NA,518.076335877863,NA,NA,NA,NA,NA,210.617142857143,NA,237.083044982699,NA,363.536842105263
"Honda - Cg 125 Titan-ks",NA,NA,36.18,493.166666666667,353.921714818267,293.802653399668,420.411622276029,411.953201970443,363.953622701502,NA,79.3576642335766,450.20424403183,NA,76.4634146341463,NA,NA,NA,NA,NA,404.325462459923,385.064814814815,469.609154929578,634.988913525499,NA,175.645502645503,NA,NA,168.270386266094,NA,315.93818380744,NA,NA,437.16,69.8610354223433,NA,362.726635514019,209.25,270.636023916293,361.563636363636,476.661941112323
"Honda - Cg 125 Titan-kse",NA,266.56,NA,NA,142.189873417722,NA,350.289473684211,NA,484.375,343.86,NA,NA,344,38.7324713868113,407.97520661157,NA,486.698795180723,NA,222.78,354.72,NA,94.609756097561,304.266666666667,NA,NA,NA,NA,383.670588235294,NA,181.470588235294,645.65,NA,NA,NA,NA,306.593333333333,NA,307.20202020202,NA,333.560975609756
"Honda - Cg 125 Today",NA,NA,NA,NA,NA,119.738892873679,NA,NA,148.530612244898,NA,NA,NA,279.095890410959,NA,NA,NA,47,NA,29.0606060606061,NA,NA,NA,NA,194.045454545455,NA,NA,NA,30.6875,NA,342.2,NA,NA,NA,4.51515151515151,NA,180.12,NA,442.62,23.62,NA
"Honda - Cg 150 Sport",427.306878306878,425.153051643192,148.166666666667,602.770462633452,590.259009009009,422.288782816229,435.164705882353,425.189054726368,NA,391.051323175622,451.566878980892,366.744212962963,448.728518057285,521.81453030866,NA,382.38418079096,408.01902587519,563.460972017673,354.627551020408,661.152444870566,657.888888888889,258.215053763441,576.563418406806,373.485879200165,NA,NA,373.934210526316,NA,684.72,388.102001937557,388.414383561644,NA,NA,551.182608695652,391.992424242424,474.084985835694,NA,NA,238.017064846416,569.945606694561
"Honda - Cg 150 Titan-es",386.454976303317,381.359478359478,NA,NA,NA,433.080296479308,417.314361350099,394.375168893559,341.915709459459,422.148656215005,NA,376.180466796332,421.272710349963,441.263296471827,607.438322368421,405.117873158232,403.55685777637,437.57527333894,318.0273556231,NA,562.306627516778,283.901578458682,455.16633941094,NA,168.510743801653,NA,NA,368.817547937246,270.863576524568,360.304125101105,421.107253685027,NA,439.793956043956,858.595695364238,NA,NA,328.136132315522,346.900895522388,255.055483870968,488.65832870113
"Honda - Cg 150 Titan-esd/ Titan Special Edition",NA,412.574057037719,442.626262626263,522.467256637168,527.260367237467,412.00440197967,406.810131477185,408.919268635724,343.926938039662,400.997136311569,306.424319927846,413.324621324621,442.010388437218,535.833768949294,594.808330391811,NA,417.397833207357,NA,253.41385597083,623.409698750918,556.540102726195,293.390287769784,554.503142573602,NA,282.446524064171,574.91049885882,366.693530701754,412.689395073366,316.403225806452,NA,NA,NA,578.670588235294,553.720692368214,338.494318181818,310.513605442177,355.483801295896,362.048255692501,NA,532.541981468282
"Honda - Cg 150 Titan-ks/ Titan-job",534.047961630695,405.44146659222,723.501858736059,677.528985507246,NA,302.522634730539,NA,425.590770672289,NA,NA,277.155084125823,362.805189694255,430.41684048743,404.328182941904,NA,359.066956521739,427.121337571911,389.662217063262,369.129846526656,NA,527.252491694352,317.880834567915,467.678160421884,NA,277.254810495627,546.519079418078,362.065592264303,297.902775987719,423.416481069042,377.071880503555,397.340072576464,NA,734.768925160558,445.823529411765,NA,272.112692556311,327.27829787234,NA,258.265784726398,537.599828864803
"Honda - Civic Coupe Ex/ Exs 1.6 16v 2p",NA,NA,NA,NA,NA,NA,NA,NA,NA,110.4375,NA,NA,1045.29178470255,1132.19718309859,1249.74157303371,NA,NA,1115.06,954.774327122153,951.155817813019,994.256744186046,882.72,1210.64255319149,NA,NA,1098.72,1047.68,736.026666666667,NA,1112.82894736842,NA,NA,NA,NA,NA,645.622641509434,NA,1124,NA,907.426666666667
"Honda - Civic Crx/ Targa Vti",NA,NA,NA,NA,NA,NA,76.4,NA,NA,NA,NA,NA,NA,NA,NA,NA,NA,NA,92.5,1013.87106017192,NA,80.7,NA,664.516949152542,NA,NA,NA,1179.08053691275,NA,1005.1,NA,NA,NA,NA,NA,NA,NA,NA,NA,NA
"Honda - Civic Hatch Dx",NA,NA,NA,NA,NA,1167.27,NA,NA,NA,NA,NA,NA,1137.17647058824,1328.2,678.24,NA,NA,NA,1077.39583333333,NA,753.422641509434,218.18,NA,430.606836806874,NA,NA,1110.46,1106,NA,1059.10843373494,NA,NA,NA,NA,NA,NA,NA,NA,NA,NA
"Honda - Civic Hatch Lsi",NA,NA,NA,NA,135.88,NA,NA,NA,NA,NA,NA,1307.65625,NA,NA,NA,NA,NA,NA,1159.3,1013.12441314554,1002.75,NA,NA,NA,NA,NA,NA,NA,NA,901.12676056338,NA,NA,NA,NA,NA,NA,NA,NA,NA,966.75
"Honda - Civic Hatch Lx Aut",NA,NA,NA,NA,NA,NA,1443.5,NA,NA,81.4,NA,NA,1617.68333333333,NA,NA,NA,NA,NA,922.73,965.549689440994,1413.68,NA,NA,936.708860759494,NA,NA,NA,NA,NA,773.115384615385,NA,NA,NA,NA,NA,NA,NA,NA,NA,NA
"Honda - Civic Hatch Si",NA,NA,NA,NA,1247.94444444444,100.54,NA,NA,NA,NA,NA,NA,1083.12,1387.76,NA,NA,NA,NA,446.57,944.550865800866,925.715,NA,1088.41,NA,NA,NA,NA,NA,NA,921.03125,NA,NA,NA,NA,NA,NA,NA,NA,NA,NA
"Honda - Civic Hatch Vti",NA,1886.36,NA,NA,NA,NA,689.590551181102,NA,1618.79,NA,NA,61.32,NA,NA,NA,NA,NA,NA,NA,1237.361093452,2499.62454873646,NA,33.17,1537.71,NA,NA,NA,NA,NA,NA,NA,NA,NA,NA,NA,NA,NA,NA,NA,977.13
"Honda - Civic Sed Lx 1.8 Aut 4p(s/acess.esp.d.f)",NA,1313.35839775123,NA,2157.98,1647.98921532168,NA,NA,1435.96633941094,NA,1650.99348534202,1234.23140495868,1455.70591313448,1473.58914473684,1358.95366218236,1423.5306122449,1147.17647058824,1291.17,1059.64855072464,1248.86563307494,NA,1620.84300159659,984.064797507788,NA,NA,NA,1423.953307393,1154.86104092976,1485.82799245994,NA,NA,1324.99836333879,NA,NA,1284.08843537415,1407.20529801325,968.862348178138,1240.07407407407,944.371636363636,1090.57407407407,1203.33333333333
"Honda - Civic Seda Ex/ Exs 1.6 Mec. 4p",NA,2598.76923076923,NA,NA,NA,1088.9,1435.46666666667,NA,135,NA,NA,NA,1229.4578313253,NA,NA,NA,NA,NA,1390.67,666.17955801105,894.688940092166,NA,271.46,NA,NA,NA,NA,1157.32,NA,NA,NA,NA,NA,NA,NA,629.340909090909,NA,NA,NA,NA
"Honda - Civic Seda Ex/ Exs Aut. 4p/ Del-sol 2p",NA,747.55,NA,1722.62264150943,1489.69003690037,999.334838224229,NA,1298.91338582677,1038.66936790924,1437.60600168764,NA,1386.3963963964,NA,1095.66089965398,1175.0650887574,1050.7,NA,1112.84341637011,1155.87237687366,1116.02320846286,966.627819548872,910.028727770178,NA,1030.18823529412,910.271111111111,NA,1472,NA,NA,889.133620734824,1063.171875,1102.44859813084,NA,NA,1493.80952380952,548.026666666667,3093.95918367347,870.459923664122,881.583941605839,NA
"Honda - Civic Seda Lx 1.5/ 1.6",NA,NA,NA,NA,1651.96,81.7216494845361,762.71052631579,NA,814.275449101796,963.22,NA,NA,826.661417322835,68.36,745.342465753425,NA,NA,665.6,277.080291970803,803.909265175719,870.102183406113,NA,1061.81628959276,410.946902654867,NA,NA,NA,NA,NA,834.04892086331,NA,NA,NA,NA,NA,NA,NA,1411.98461538462,NA,761.898601398601
"Honda - Civic Sedan Ex 1.6 16v Aut. 4p (nacion.)",NA,879.823874755382,NA,NA,1078.04543761639,NA,745.995804614924,728.059459459459,774.496163682865,709.472361809045,NA,1011.96446145435,988.886453839516,NA,872.450142450143,NA,874.1480858513,NA,843.771773347324,937.682866386728,1110.83028083028,815.601895734597,986.841157110688,894.51001985918,687.576388888889,913.25283446712,NA,1117.80220264317,745.35,NA,814.468085106383,NA,NA,466.52,NA,NA,892.254587155963,818.309061488673,NA,842.55651958354
"Honda - Civic Sedan Ex 1.6 16v Mec. 4p (nacion.)",NA,1157.30379746835,NA,NA,NA,785.469696969697,807.591578226635,NA,710.280528052805,1141.39195979899,982.910662824208,965.677704194261,997.419037199125,965.576484018265,954.927419354839,NA,NA,628.688,843.289355992844,884.974325809194,NA,673.794915254237,875.941402908469,882.243309002433,NA,828.778571428571,935.191256830601,NA,759.755980861244,NA,750.671532846715,NA,NA,NA,191.857718018273,829.647307985744,469.14,NA,1104.26,814.72119205298
"Honda - Civic Sedan Ex 1.7 16v 130cv Aut. 4p",NA,NA,NA,657.45727662895,1212.15645845967,876.348886265499,917.58850931677,900.121238938053,837.655033360217,1124.97652016857,1088.02568093385,1090.37793330589,1148.83250191865,1163.74440052701,1111.35396039604,1116.5465921736,1118.33707865169,827.170297748729,956.479576835475,1070.76873895171,1276.27087025805,885.683804542526,1118.72803542298,1032.40628079627,870.268163167365,1126.82381413359,922.945544554455,1107.47482142878,NA,815.191481442094,1093.46478873239,NA,1398,1035.13068181818,1197.4375,757.671720500989,1737.91089108911,793.79580287668,949.626200065213,985.771584132745
"Honda - Civic Sedan Ex 1.7 16v 130cv Mec. 4p",NA,809.686746987952,NA,659.58,NA,950.030505243089,NA,962.904166666667,901.449620253164,1045.39013452915,919.728346456693,1039.09440175631,1107.1797752809,916.531185031185,862.858156028369,1116.14285714286,NA,811.17094017094,835.920856147337,1010.97145575642,1200.98898291554,966.535483870968,NA,NA,663.723404255319,1078.66398390342,NA,NA,1260.9298245614,NA,620.67701863354,1051.72727272727,NA,923.25,NA,NA,NA,679.333333333333,591.074074074074,777.242733299337
"Honda - Civic Sedan Exs 1.8/1.8 Flex 16v Aut. 4p",1646.6581920904,1525.12267657993,NA,1560.43868939269,1621.72226044677,1372.27642344771,1343.16149173708,1545.5918048546,1238.39900091077,1771.76464300983,1619.94205834684,1905.47290896488,1570.78455206168,1678.18021579771,1528.78362831858,NA,NA,1465.55285008977,1531.94690643097,1624.06748393941,1989.16670565872,NA,1774.45966839924,1470.6501634713,1309.81771225919,1797.58758998972,1558.63536701621,1530.05360439798,1620.04862023653,1238.23059127347,NA,1838.18279954037,1974.7104622871,1471.0819218804,1665.14012738854,1319.62260778266,2071.33179795374,1375.95889053987,1666.6665625,NA
"Honda - Civic Sedan Lx 1.6 16v Aut. 4p",1237.76344086022,1020.55518829942,NA,1053.93709327549,1011.46948941469,844.99967036422,804.070056124133,NA,804.998473864937,1077.71289412971,NA,NA,NA,980.057021912351,NA,487.74,992.03551609323,NA,852.817382383116,942.19437426189,NA,NA,NA,837.67986821333,NA,1035.77141096734,932.554307116105,959.008398323545,985.638968481375,710.668592106446,NA,792.135135135135,NA,750.032397408207,776.197802197802,NA,884.472727272727,743.213092345079,895.585022026432,858.454302325581
"Honda - Civic Sedan Lx 1.6 16v Mec. 4p",769.93984962406,840.55592322965,NA,NA,NA,854.340699815838,783.124678455142,NA,771.583739623139,1006.22567811935,905.60152838428,1049.65717282352,NA,970.107740242703,NA,810.726293103448,767.707240293809,722.04523248834,830.464714155705,NA,NA,731.441248470012,990.878692999358,829.060173879875,644.225433526012,NA,789.675453047776,907.446020209183,750.728888888889,711.458451115477,NA,645.5,NA,652.77545691906,1085.98250728863,761.28415876361,NA,747.5054894785,NA,876.946451261572
"Honda - Civic Sedan Lx 1.7 16v 115cv Mec. 4p",723.831325301205,1119.48772451228,1083.69017094017,1122.53300643792,1163.25678255743,911.385994134779,NA,937.918570432097,805.497408564062,1101.42972096042,NA,1167.68983905991,1070.72410833083,1097.139083763,992.842488081667,NA,NA,868.025176789207,916.271006153003,1056.35614445708,NA,NA,1111.86557266804,NA,792.892680514342,1209.37388488035,865.2294921875,1052.95637427924,1063.93892045455,788.848399916335,1024.97589507198,1148.36996336996,879.08,808.804069208587,NA,864.765231446764,1375.47900763359,NA,923.980237607499,922.537386817252
"Honda - Civic Sedan Lx/ Lxl 1.7 16v 115cv Aut 4p",1450.64571428571,1080.42483651828,1272.34074074074,1059.28804409674,1153.60303749071,915.498423499551,NA,1067.01107902889,893.90066873267,1179.80538363297,1001.5292709105,1177.14742820205,1088.52377032724,1192.16359960965,1003.83720447947,NA,1046.35085536547,875.733789803662,966.008319377668,1110.02160330192,NA,847.27971560525,1163.23761484021,NA,796.262763784887,1246.4962141222,NA,1063.76456850854,1053.67633694512,NA,1011.82232563911,1398.64648315019,870.078431372549,802.33804004215,1077.86064235166,964.925965177895,1183.39939485628,819.544491420045,969.181722022425,951.575344491099
"Honda - Civic Sedan Lxb 1.6 16v 4p",NA,NA,NA,627.28,826.018604651163,807.905109489051,NA,581.68016194332,NA,1029.085,1346.3,1218.16198704104,979.553921568628,1153.15,560.56,NA,1861.57015164555,837.240963855422,739.152245345016,855.000567083824,NA,NA,977.17202268431,829.899747262005,829.484848484848,1852.83018867925,731.96,865.723232323232,NA,661.962614993149,NA,NA,NA,NA,NA,NA,314.94,679.655913978494,1032.75510204082,957.885404101327
"Honda - Civic Sedan Lxb 1.7 16v 115cv",NA,NA,NA,NA,NA,749.096774193548,1147.2534562212,873.74,824.788944723618,1144.25,NA,1702.24,NA,NA,1103,NA,1202.83333333333,NA,397.49,937.6546875,1009.6568627451,NA,NA,1183.98780487805,NA,NA,691.862745098039,NA,NA,704.60243902439,NA,NA,NA,NA,NA,1059.08,NA,NA,NA,NA
"Honda - Civic Sedan Lxl 1.7 16v 130cv Aut 4p",NA,1306.82655246253,NA,1099.68433931484,1188.67385388319,961.689117929051,874.968373314238,1046.42901963213,887.0675024108,NA,1235.33947368421,1272.58544998432,1156.47492385787,NA,1128.8802919708,NA,NA,NA,1038.8345551813,1195.00058072009,1381.94553805774,NA,1266.2902904328,NA,1034.2548828125,NA,NA,1184.97302618626,964.727430555556,NA,1089.96443708335,NA,904.845360824742,1118.70638297872,NA,941.508196721311,1047.49077490775,886.717411988582,1078.23463203463,1049.94745254745
"Honda - Civic Sedan Lxl 1.7 16v 130cv Mec 4p",1281.09219858156,1076.17342342342,780.24,1283.10600706714,NA,NA,916.607407407408,NA,839.867303453343,1161.22896440129,1399.79061371841,1244.40359986154,NA,996.912216828479,919.793427230047,1164.69029126214,NA,859.368205966489,1085.15397679026,1153.91854686873,1381.08682376369,901.058350951374,1162.74487933482,1061.34485574306,766.561728395062,1191.99119170984,1177.19093851133,1165.54869684499,1119.06933333333,855.704431856048,1074.29112833764,1105.90683229814,813.06,803.122112211221,NA,885.915520628683,NA,802.906925452139,1051.24854142357,1078.24324958911
"Honda - Civic Sedan Lxs 1.8/1.8 Flex 16v Aut. 4p",1647.74099390357,1502.79178048175,1523.44839192221,1663.98124031593,1555.03370303129,1250.37436942097,1225.25596223558,1351.24318717453,NA,1631.97250916828,1427.22507286532,1731.05271880179,1478.06947225631,1570.23338047923,NA,NA,1487.25541257392,1297.05329599022,NA,NA,1750.59886655304,1172.20266854578,1591.46959064328,NA,1171.73162692486,1775.15473910962,1350.35551514252,NA,1416.40732009926,1130.23453903202,1410.47664356994,1820.40436241611,1862.81683168317,1219.94584147135,1411.77393715342,1429.26460150971,1747.8500988487,NA,1389.25717826895,1356.38692147849
"Honda - Civic Sedan Lxs 1.8/1.8 Flex 16v Mec. 4p",1551.18943239502,1485.75598954874,1459.83484750162,1597.94740346672,1474.43920770925,1201.60886262851,NA,NA,1111.53832936706,NA,1416.23765772728,1664.32426714174,1514.02458718783,1527.51465113221,1368.3230517513,1437.28294251344,1462.07783086077,NA,NA,1494.26478352693,1851.21344777182,NA,1426.5144343048,1308.4690418205,1093.90131508224,1649.27950350923,1323.93498268443,1471.85093131683,1483.64484073696,1089.4683916539,NA,NA,1655.58680555556,1194.73997704667,NA,1137.19744733938,1624.70146397474,1230.99311946209,NA,1271.35744475353
"Honda - Civic Sedan Si 2.0 16v  192cv 4p",NA,NA,2435.1484375,2674.32315521629,NA,1554.62179984484,1993.97521551724,1852.19368879217,1460.58712416866,2229.43869817209,1380.75814924764,NA,2103.57925751326,NA,2117.70394736842,1975.12949640288,NA,2013.71351835273,1989.27977756031,2322.27377302523,2451.10386231739,1649.1406636949,2152.52996632997,NA,1326.7088873338,1947.45464480874,2342.56483516484,NA,1711.03975535168,NA,2071.58701298701,NA,3746.36,1493.03298153034,1425.54,1723.60418280403,2301.75933609959,1856.74547023296,1929.84735812133,2090.02315006201
"Honda - Cr-v 2.0 16v Aut.",2348.62096774194,2642.26704545455,3533.64197530864,2187.77992633518,2244.85529017261,1856.96026959915,1955.23227645173,NA,3267.30221553022,2168.09355883411,2014.69083585096,2516.42929814597,NA,NA,2742.63906581741,NA,2608.5406360424,2468.52772080536,2128.36804967542,2062.40453904886,2082.28537598888,1982.44222054381,2111.81925189642,1979.46521001273,1922.07873090482,2406.36927073927,3007.77911646586,2228.71360294118,NA,NA,2053.81129032258,3026.24,NA,NA,1225.22,NA,1602.7,1859.20879120879,2036.91433278418,2173.42990654206
"Honda - Cr-v 2.0 16v Mec.",NA,NA,NA,NA,1122.41,627.52,NA,NA,1531.79,1357.17910447761,NA,1924.5,1507.38888888889,740.706766917293,NA,NA,NA,NA,NA,1221.97846567968,1317.84492784728,1248.78,1609.3125,1225.35643564356,NA,NA,1325.06382978723,1304.88888888889,NA,NA,NA,NA,NA,NA,NA,2527.72,NA,NA,NA,1132.26
"Honda - Cr-v 2.4 16v 156cv Aut. 4p",NA,NA,NA,NA,NA,NA,NA,NA,NA,NA,1758.14,1587.62,1181.30693069307,1866.2,NA,NA,NA,1645.94,2697.20212765957,1745.68981556342,1631.29370629371,NA,1717.47991055333,NA,NA,NA,NA,NA,NA,1824.6338028169,NA,NA,NA,NA,NA,NA,NA,NA,NA,1432.72
"Honda - Cr-v Exl 2.0 16v 4wd Aut.",NA,2737.11531690141,2766.16873449131,2931.30865541644,2626.05718997361,2144.02204404696,NA,2351.07082331434,2269.18404381817,2537.84914241164,2555.95922746781,2700.60072351421,2507.8392923551,2452.49628226021,2449.59530261969,NA,2666.1633192389,NA,2380.86280881371,2517.33723175631,NA,NA,NA,2403.07675839056,2342.99041343358,NA,2484.70811615785,2536.87273334075,2977.29660574413,2262.31078919069,NA,3358.18181818182,3564.62910798122,NA,2599.20317460317,NA,2944.12807244502,2358.52249134948,2143.95472186287,2435.08754848413
"Honda - Cr-v Lx 2.0 16v 2wd Aut.",2534.18181818182,2327.87463093346,2941.28310502283,NA,NA,1995.81685752779,2109.24990689013,2065.66109373238,2002.37829169682,2266.25730920137,2178.31945113144,2509.37822260301,2213.472770488,2246.46473029046,NA,2090.1705993087,2157.63472111334,NA,2157.61828874976,2230.20563567738,2473.58519239957,NA,2174.82951763859,2151.39370876259,NA,NA,2137.84156442659,2111.25856544461,2435.84417983726,NA,1986.86053131589,2490.09763313609,NA,NA,2052.7541322314,2043.2896039604,2478.92532795156,2109.05162257685,NA,2203.26609749739
"Honda - Crf 230 F",NA,NA,NA,NA,NA,435.36,NA,NA,NA,NA,NA,578.5,NA,NA,NA,NA,NA,NA,NA,NA,NA,NA,NA,661.392857142857,NA,867.68,NA,NA,NA,NA,NA,NA,NA,NA,NA,NA,NA,416.526315789474,NA,631.42
"Honda - Dominator 650",NA,NA,NA,NA,NA,NA,NA,NA,NA,NA,NA,NA,NA,NA,NA,NA,NA,NA,NA,NA,NA,NA,NA,NA,NA,NA,NA,NA,NA,NA,NA,NA,NA,NA,NA,NA,NA,NA,NA,NA
"Honda - Fit Ex/ S 1.5/ Ex 1.5 Flex 16v 5p Aut.",1365.92948717949,1036.50477617531,1425.48526077098,1206.50841121495,NA,NA,NA,1004.90758009305,846.986208436863,1165.72510661969,NA,1169.28884754172,1103.53901788539,1132.61490299906,1076.39634364749,1090.26196473552,NA,957.237384003535,1001.65059069373,NA,1318.23110627372,831.450645530316,1179.24086675982,1015.23381046594,809.638955690272,1241.61155934833,870.595781466114,1111.80032332909,NA,857.836262941405,975.052318216367,1204.27305605787,1163.32,969.229908215805,923.549028370804,868.332129281009,1157.80733689684,793.789403875912,NA,1043.17061064296
"Honda - Fit Ex/ S 1.5/ Ex 1.5 Flex 16v 5p Mec.",1164.91833590139,NA,1226.25165562914,1106.07641716254,1096.04030990952,831.511373760137,970.703073455924,933.553700065488,NA,1089.05417829585,NA,1136.37647754137,NA,1042.89069566054,1141.88245197271,1006.15410305343,957.346348884381,880.712838997597,990.146988487939,NA,NA,NA,NA,983.8045233171,NA,1213.32601351351,NA,1045.4396921193,NA,830.888810511984,933.462432223083,1346.45024875622,NA,803.39335428828,915.82751091703,879.724168912848,906.560897435898,852.652880975747,NA,968.752157096102
"Honda - Fit Exl 1.5 Flex 16v 5p Aut",2164.92626728111,1456.67668278201,998.42,1412.37070063694,1326.14926174497,1036.19387722095,NA,1205.82841952634,988.450595970496,NA,NA,1336.21106719368,NA,1348.04589051355,1049.17634854772,1321.946875,1427.76679841897,1389.91093474427,NA,1505.57326876513,1665.83535492764,981.868755292126,1340.4271910724,1235.98622525755,953.522441651706,NA,NA,NA,1208.66452648475,NA,1251.74198988196,NA,1113.75510204082,1065.54716981132,1280.00680272109,1091.97260273973,NA,1074.23928860146,1533.73846153846,1320.83449235049
"Honda - Fit Exl 1.5 Flex 16v 5p Mec",2046.21100917431,1060.76,2283.4,1321.82409739411,1288.29651448208,NA,NA,1073.51441753172,1015.8603974794,NA,1462.4612244898,1352.97010869565,NA,1266.02976190476,NA,1410.32038834951,1485.65880217786,1008.62193362193,NA,NA,1547.02500237665,934.908923643054,1252.44185475957,1245.60080587135,871.434316353887,NA,1062.64206642066,1149.05276256844,1487.77631578947,971.258029329778,NA,1803.29,NA,1108.95774647887,1076.60975609756,NA,1321.67,1213.63001027749,1187.02816901408,1232.24816573155
"Honda - Fit Lx 1.4/ 1.4 Flex 8v/16v 5p Aut.",1260.18513274336,982.23172087003,1212.89031339031,1119.61981747641,1054.93202622545,799.729609659022,946.628451237468,NA,798.146552410655,1121.27308081062,906.00512320078,1096.51099388221,1013.14291140835,1079.49008966494,1015.04634742464,1065.3042534619,NA,900.364131558987,910.029977444156,1107.6977701611,1259.71526713722,747.655938934447,1064.59644207679,NA,881.882307621973,1194.96420610828,830.203125874139,990.49752462257,1106.90080377403,762.568676052615,NA,1185.35020242915,1060.26,870.700229977002,927.052877138413,908.897593085297,1125.54596622889,716.414713583243,923.855939587569,961.10440430979
"Honda - Fit Lx 1.4/ 1.4 Flex 8v/16v 5p Mec.",1207.18619891808,NA,1288.00535357374,1064.23749782948,1033.56509027603,771.227972090527,NA,912.767849760556,755.725906488263,1063.8906133712,884.368870251511,1033.35487626936,966.123378887953,NA,NA,947.377480865023,NA,NA,909.254700628014,NA,NA,712.759871638072,1028.82891112615,NA,752.008808997646,NA,839.137170283133,954.298820061792,1028.50082401413,765.341307171356,885.269746274382,1054.90604026846,NA,817.3147248781,883.198597709047,NA,NA,NA,950.495875032245,904.832073808977
"Honda - Fit Lxl 1.4/ 1.4 Flex 8v/16v 5p Aut.",1208.21558954119,995.688760848789,1646.54980079681,1117.30479575314,1116.44614622612,770.764824550679,NA,NA,NA,NA,958.245787463492,1077.12144022475,NA,NA,NA,1083.8627408056,1061.75532029763,878.787866515471,1025.04146042583,1134.66234545826,NA,757.925928705441,1097.98348811351,958.515289767803,903.711060948081,1131.68616616594,880.327344326351,1058.58827410689,1142.86656076251,787.377487378903,NA,1116.10638297872,825.620467605432,787.82117380627,926.703703703704,864.846209700842,1214.84127947478,733.482488555513,961.778038755138,957.235858025588
"Honda - Fit Lxl 1.4/ 1.4 Flex 8v/16v 5p Mec.",1110.45352669743,984.939864072124,1559.46994535519,NA,1069.73089577433,765.788333213748,941.59008575028,NA,770.978954771568,1072.26222536104,925.021739130435,1087.21037521038,1014.40548318498,1007.21375344582,1000.14775086451,998.603359173126,1016.52866739572,818.390628915059,957.836010836339,1088.64102320494,1225.7905817387,765.681640625,1087.22574499368,NA,777.274147274466,NA,929.906147810889,NA,1126.06822003363,799.810970952106,908.836820898813,1246.74240753576,1023.14,857.563626797772,860.652841781874,884.387814294456,1037.09290030211,810.331977572718,933.896017300414,951.755437214714
"Honda - Gold Wing 1500/ 1800",NA,NA,NA,NA,1867.14,NA,3196.09027777778,2241.93220338983,NA,1923.91089108911,NA,5330.18032786885,NA,NA,NA,2017.90697674419,NA,1362.4,NA,3352.65194875988,2497.88926174497,1854.40773809524,4448.08522727273,3092.27491408935,2206.35616438356,NA,NA,2002.28,NA,2718.40668523677,NA,NA,NA,NA,NA,1507.68041237113,NA,1383.32296973495,NA,2622.375
"Honda - Magna 750",NA,NA,NA,NA,NA,NA,NA,NA,1249.78,NA,NA,NA,NA,NA,NA,NA,NA,NA,NA,1262.03529411765,1254.58415841584,NA,1072.63,2170.15625,NA,NA,NA,NA,NA,750.06968641115,NA,NA,NA,NA,NA,NA,NA,NA,NA,495.68
"Honda - Nx 150",NA,NA,NA,NA,NA,NA,NA,NA,NA,NA,54.2916666666667,NA,NA,NA,NA,NA,NA,NA,NA,NA,NA,NA,NA,NA,NA,NA,NA,NA,NA,NA,NA,NA,NA,NA,NA,NA,NA,NA,NA,NA
"Honda - Nx 200",NA,NA,NA,NA,NA,NA,NA,NA,428.32,NA,NA,79.92,526.245967741935,NA,NA,NA,NA,NA,NA,304.555555555556,253.63,NA,NA,603.606837606838,NA,NA,NA,145.52,NA,NA,NA,NA,NA,NA,NA,NA,NA,NA,NA,NA
"Honda - Nx 350 Sahara",NA,NA,NA,NA,NA,NA,NA,NA,NA,NA,NA,131.714285714286,NA,281.52,NA,NA,NA,NA,NA,842.600938967136,495.932914046122,380.625,NA,514.45,NA,NA,NA,245.88,NA,460.849710982659,NA,NA,NA,NA,NA,NA,NA,NA,NA,NA
"Honda - Nx-4 Falcon 400",827.182692307692,626.902290076336,NA,855.036960985626,817.936817653891,482.302621334025,519.084466871435,539.850348197938,600.200360011077,NA,NA,628.670758928572,937.812788273204,880.672831632653,NA,NA,671.085897435897,553.967128027682,654.763145082765,1322.20434027778,NA,439.634730538922,718.722188170395,NA,NA,865.834293948127,650.590551181102,699.004570848146,NA,714.252356512822,712.067219917012,NA,424.16,NA,815.287769784173,NA,623.98,715.758552793502,NA,877.984279174225
"Honda - Nxr 125 Bros Es",462.01,NA,583.15625,NA,405.013257575758,342.896551724138,NA,269.338461538462,274.422680412371,331.537634408602,239.609756097561,NA,399.318518518518,407.96,208.06,NA,477.05614973262,NA,NA,NA,440.628205128205,361.975,444,382.204402515723,397.86,368.302255639098,NA,NA,NA,NA,347.107569721116,332.05223880597,NA,55.1283783783784,NA,379.780952380952,NA,NA,411.74,406.46
"Honda - Nxr 125 Bros Ks",NA,NA,NA,445.894736842105,296.506493506493,NA,347.306930693069,408.852534562212,391.932330827068,NA,NA,361.721153846154,597.035714285714,NA,552.84,NA,1556.44,421.75,1562.75438596491,377.167346938775,NA,505.74,NA,483.071174377224,NA,NA,NA,NA,NA,261.457516339869,862.166666666667,NA,NA,NA,463.357142857143,238.322033898305,792.285714285714,286.54,356.93,NA
"Honda - Nxr 150 Bros Es",348.324152542373,NA,NA,NA,NA,417.260312151617,NA,411.195395197496,417.520707444597,497.515705225008,NA,427.99070304764,607.120763537203,565.285242290749,671.575238739947,480.176907018728,471.104287586594,723.793193717277,778.51615051615,NA,599.163082870259,323.063553201733,591.593149038462,NA,181.982702702703,638.344547940127,439.496604536917,NA,388.362218370884,447.220316088073,485.497060552616,595,NA,631.603453893776,NA,NA,NA,538.301875732708,378.402290622763,NA
"Honda - Nxr 150 Bros Esd",NA,NA,682.027027027027,NA,NA,438.843912591051,515.331030512378,NA,393.295363352652,507.042624521073,NA,454.615321392346,NA,620.952,782.828400149869,500.421763085399,488.992011278195,NA,NA,853.006247439574,642.556154406748,275.187578682333,633.914666666667,456.784797047971,311.564308681672,676.994283121597,NA,412.901894200668,653.444870565676,370.856560717196,511.926035502959,327.31970260223,564.762004175365,426.822800495663,NA,333.93664921466,423.201401050788,465.569018404908,352.278721278721,621.763542795233
"Honda - Nxr 150 Bros Ks",NA,567.03390949022,521.240740740741,275.116760828625,523.034729145896,339.454638124363,627.921085080148,394.326844106464,411.827543035994,464.595652173913,228.964705882353,531.8383952006,NA,251.031987208119,NA,NA,548.749568221071,3001.8996763754,446.118995633188,432.692458273233,564.299833194329,350.311835106383,NA,463.211014277768,266.896262395118,704.744169357732,NA,NA,444.365951742627,460.648779612348,495.303104077906,NA,NA,89.0463096960926,374.149425287356,NA,598.517391304348,NA,385.617391304348,562.268143398426
"Honda - Odyssey Ex Van Aut (6 Lug.)",NA,NA,NA,NA,NA,NA,1091.63636363636,NA,NA,NA,NA,NA,812.073333333333,NA,NA,NA,NA,NA,NA,1460.36565977742,1696,NA,NA,1643.96,728.837209302326,NA,NA,NA,NA,1410.6393442623,NA,NA,NA,NA,NA,NA,NA,NA,NA,1579.38
"Honda - Odyssey Van Lx Aut (6 Lug.)",NA,NA,NA,NA,NA,NA,1397.58,NA,1505.61,NA,NA,NA,867.676,NA,NA,NA,NA,NA,1624.2,NA,806.056818181818,NA,NA,1189.82,NA,NA,NA,NA,NA,NA,NA,NA,NA,NA,NA,NA,NA,NA,NA,NA
"Honda - Passport Lx",NA,NA,NA,NA,NA,NA,NA,NA,NA,NA,NA,NA,NA,NA,NA,NA,NA,NA,NA,NA,NA,NA,NA,NA,NA,NA,NA,NA,NA,NA,NA,NA,NA,NA,NA,NA,NA,NA,NA,NA
"Honda - Pop 100 97cc",138.302681992337,NA,346.916230366492,129.212171052632,467.484146484146,344.360335195531,435.767441860465,NA,269.31592039801,NA,20.568345323741,NA,NA,NA,323.823076923077,173.01028277635,238.323093220339,291.61356466877,NA,210.460278460278,219.625352112676,259.816326530612,NA,NA,312.17037037037,342.644006508769,225.210638866613,NA,NA,NA,370.781497603568,NA,NA,336.787524366472,53.1451612903226,61.294,278.025390625,257.765517241379,NA,NA
"Honda - Prelude Coupe S 2.2",NA,NA,NA,NA,NA,NA,190,NA,NA,NA,NA,NA,NA,NA,NA,NA,NA,NA,NA,842.084592145015,NA,NA,NA,NA,NA,NA,NA,NA,NA,NA,NA,NA,NA,NA,NA,NA,NA,NA,NA,NA
"Honda - Prelude Si",NA,NA,NA,NA,1288,NA,883.247524752475,NA,NA,NA,2301.5,NA,NA,873.368983957219,NA,NA,NA,NA,581.741935483871,1018.76068376068,177.723320158103,NA,1076,NA,NA,NA,NA,NA,NA,NA,NA,NA,NA,NA,NA,NA,NA,NA,NA,NA
"Honda - Shadow 1100 Ac",NA,NA,NA,NA,NA,NA,NA,NA,NA,NA,NA,NA,NA,NA,NA,NA,NA,NA,NA,NA,NA,NA,NA,NA,NA,NA,NA,NA,NA,926.380952380952,NA,NA,NA,NA,NA,NA,NA,82.44,NA,1202.52
"Honda - Shadow Am 750",NA,NA,NA,NA,NA,NA,NA,NA,NA,NA,NA,NA,541.94,NA,NA,NA,NA,NA,NA,1079.67624810893,NA,NA,NA,NA,NA,NA,NA,NA,NA,759.45,NA,NA,NA,NA,NA,NA,NA,NA,NA,NA
"Honda - Shadow Vt 1100",NA,NA,NA,NA,NA,NA,NA,NA,NA,NA,NA,NA,NA,NA,NA,NA,NA,NA,NA,1435.52156057495,NA,NA,NA,NA,NA,NA,NA,NA,NA,1934.28571428571,NA,NA,NA,NA,NA,NA,NA,NA,NA,NA
"Honda - Trx 350 Fourtrax Fm Quadriciclo",NA,NA,NA,NA,NA,NA,NA,NA,NA,NA,NA,NA,700.28,NA,NA,NA,NA,NA,NA,NA,NA,NA,NA,NA,NA,NA,NA,NA,NA,NA,NA,NA,NA,NA,NA,NA,NA,NA,NA,NA
"Honda - Trx 420 Fourtrax  Fm 4x4 Quadriciclo",NA,NA,NA,NA,NA,NA,NA,NA,NA,NA,NA,NA,NA,NA,NA,NA,NA,199.08,NA,NA,NA,NA,NA,NA,NA,NA,NA,447.472222222222,NA,NA,NA,NA,NA,NA,NA,NA,NA,NA,NA,NA
"Honda - Trx 420 Fourtrax  Tm 4x2 Quadriciclo",NA,NA,NA,NA,NA,NA,NA,NA,NA,NA,NA,NA,NA,NA,NA,NA,NA,NA,NA,NA,NA,NA,NA,NA,NA,NA,NA,NA,NA,NA,NA,NA,NA,NA,NA,NA,NA,NA,NA,NA
"Honda - Valkyrie 1500",NA,NA,NA,NA,NA,NA,NA,NA,NA,NA,NA,NA,NA,NA,NA,NA,NA,NA,NA,1418.73668639053,NA,NA,NA,NA,NA,NA,NA,NA,NA,894.06,NA,NA,NA,NA,NA,NA,NA,NA,NA,NA
"Honda - Vt 600 C Shadow",NA,NA,NA,670.03,993.795,559.660377358491,662.537356321839,417.04,NA,939.535,NA,609.906329113924,768.21977597528,770.941558441559,NA,NA,681.116161616162,479.139601139601,746.181467181467,NA,844.852674440126,NA,NA,682.359504132231,NA,923.690391459075,1242.22222222222,NA,634.720930232558,576.49667405765,223.181818181818,NA,NA,715.28813559322,385.717391304348,727.176767676768,1450.88,NA,388.191780821918,779.002963976288
"Honda - Vt 750 Shadow",877.26,NA,NA,598.190476190476,1097.02072072072,NA,789.95853307766,1042.27064220183,745.280599288979,1186.9462004035,NA,1017.53086419753,823.591940757838,934.754653130288,1024.80300187617,NA,1198.11424731183,817.037623762376,811.910229330115,1019.50434907369,867.740790424105,672.737913486005,NA,959.602233502538,671.442267794546,892.519841269841,961.279809220986,943.995163890381,733.084337349397,653.653229535995,854.965714285714,NA,806.75,630.565916398714,979.560527628117,NA,642.567164179105,918.110223642173,1037.4329004329,NA
"Honda - Vtx 1800r/ 1800s/ 1800c 1795cc",NA,NA,NA,NA,NA,2277.47972972973,1341.52,1001.80555555556,NA,1139.18,NA,NA,1167.93693693694,2865.56,1213.7,860.38,1154.03846153846,658.07,975.68,1790.16692586833,NA,1228.13235294118,1322.22,1379.08,NA,NA,NA,NA,NA,1291.63312693498,2086.84,NA,NA,NA,2199.63636363636,NA,NA,2557.9,NA,1201.25700934579
"Honda - Xl 1000v Varadero",NA,NA,1842.33333333333,NA,2012.25520833333,932.786802030457,1534.23391812866,2360,1177.01606922126,1708.11111111111,4167.5875,1592.50666666667,3372.26515151515,NA,NA,NA,1786.21186440678,2358.8,NA,2465.10336620197,2307.55298416565,1412.04023668639,1559.59069767442,1487.3609375,2405.3,1657.86754966887,2181.48760330578,2626.42682926829,NA,2340.49130714746,2557.02197802198,NA,NA,NA,1346.3875,NA,NA,2185.66283524904,1749.15217391304,2165.20048899756
"Honda - Xl 125 Duty",NA,NA,NA,NA,NA,NA,NA,NA,NA,NA,NA,NA,NA,NA,NA,NA,NA,NA,NA,NA,NA,NA,NA,NA,NA,NA,NA,NA,NA,NA,NA,NA,NA,NA,NA,NA,NA,NA,NA,NA
"Honda - Xl 125 S",NA,NA,NA,NA,NA,NA,NA,NA,NA,NA,NA,NA,NA,NA,NA,NA,NA,NA,NA,51.86,NA,NA,NA,NA,NA,334.217391304348,NA,NA,NA,NA,NA,NA,NA,NA,NA,NA,NA,NA,NA,NA
"Honda - Xlr 125",NA,NA,NA,NA,NA,88.2617432527787,NA,NA,93.5384615384615,NA,44.24,176.216,318.31,NA,NA,NA,1063.24324324324,133.438144329897,168.201754385965,404.01244813278,354.639455782313,NA,131.8,NA,322.275,331.969696969697,95.910447761194,304.916,NA,212.676767676768,NA,NA,776.2,NA,NA,284.54,NA,NA,NA,308.94
"Honda - Xlr 125 Es",NA,NA,NA,NA,661.58,NA,NA,NA,NA,NA,NA,211.701657458564,274.96,NA,NA,NA,NA,NA,NA,527.884615384615,691.53,NA,NA,354.115044247788,99.3780487804878,271.481481481481,NA,274.634146341463,NA,205.204081632653,NA,NA,NA,NA,NA,NA,NA,NA,NA,489.759825327511
"Honda - Xlx 250 R",NA,NA,NA,NA,NA,NA,NA,NA,NA,NA,NA,NA,NA,NA,NA,NA,NA,NA,NA,NA,NA,NA,NA,NA,NA,NA,NA,NA,NA,NA,NA,NA,NA,NA,NA,NA,NA,NA,NA,NA
"Honda - Xlx 350 R",NA,NA,NA,NA,NA,NA,81,NA,20.1,NA,NA,NA,NA,NA,NA,NA,NA,NA,NA,NA,NA,NA,NA,NA,NA,NA,NA,NA,NA,NA,NA,NA,NA,NA,NA,NA,NA,NA,NA,NA
"Honda - Xr 200 R",NA,NA,NA,421.736842105263,NA,NA,NA,NA,302.921875,NA,338.75,NA,293.36,292.1,477.076923076923,NA,NA,NA,NA,NA,111.519379844961,NA,NA,613.83,NA,389.02,NA,NA,NA,NA,NA,NA,NA,NA,NA,460.5,NA,330.475961538462,569.58,546.96
"Honda - Xr 250 Tornado",758.016483516483,697.733905579399,368.389891696751,798.868055555556,842.461103528953,468.555105713,538.759864234196,NA,596.709642509833,647.034180138568,335.858921161826,NA,807.035186930569,682.905322656618,911.755378858747,590.011267605634,984.811232393671,6690.19335347432,552.602474088933,880.382047477745,906.744310575635,406.868535524408,NA,612.683871627146,353.362549800797,885.170528817588,NA,NA,473.943942133815,NA,731.818988464951,NA,NA,637.709821428571,684.895238095238,547.932093775263,863.68,NA,NA,758.039235616995
